-- phpMyAdmin SQL Dump
-- version 5.2.1
-- https://www.phpmyadmin.net/
--
-- Host: 127.0.0.1
-- Generation Time: Apr 17, 2025 at 04:11 PM
-- Server version: 10.4.32-MariaDB
-- PHP Version: 8.2.12

SET SQL_MODE = "NO_AUTO_VALUE_ON_ZERO";
START TRANSACTION;
SET time_zone = "+00:00";


/*!40101 SET @OLD_CHARACTER_SET_CLIENT=@@CHARACTER_SET_CLIENT */;
/*!40101 SET @OLD_CHARACTER_SET_RESULTS=@@CHARACTER_SET_RESULTS */;
/*!40101 SET @OLD_COLLATION_CONNECTION=@@COLLATION_CONNECTION */;
/*!40101 SET NAMES utf8mb4 */;

--
-- Database: `quanly_nhansu`
--

-- --------------------------------------------------------

--
-- Table structure for table `bang_cap`
--

CREATE TABLE `bang_cap` (
  `id` int(11) NOT NULL,
  `ma_bang_cap` varchar(50) NOT NULL,
  `ten_bang_cap` varchar(255) NOT NULL,
  `ghi_chu` varchar(255) NOT NULL,
  `nguoi_tao` varchar(50) NOT NULL,
  `ngay_tao` datetime NOT NULL,
  `nguoi_sua` varchar(50) NOT NULL,
  `ngay_sua` datetime NOT NULL
) ENGINE=InnoDB DEFAULT CHARSET=utf8 COLLATE=utf8_unicode_ci;

--
-- Dumping data for table `bang_cap`
--

INSERT INTO `bang_cap` (`id`, `ma_bang_cap`, `ten_bang_cap`, `ghi_chu`, `nguoi_tao`, `ngay_tao`, `nguoi_sua`, `ngay_sua`) VALUES
(0, 'MBC1569664716', 'Không', '', 'Ka Admin', '2025-04-10 16:58:36', 'Ka Admin', '2025-04-15 23:52:10'),
(1, 'MBC1569651987', 'Bằng cử nhân', '', 'Ka Admin', '2025-04-10 16:05:00', 'Ka Admin', '2025-04-15 23:52:24'),
(2, 'MBC1569652012', 'Bằng thạc sĩ', '', 'Ka Admin', '2025-04-10 16:58:36', 'Ka Admin', '2025-04-15 23:52:10'),
(3, 'MBC1569652035', 'Bằng tiến sĩ', '', 'Ka Admin', '2025-04-10 16:58:36', 'Ka Admin', '2025-04-15 23:52:40'),
(4, 'MBC1569652169', 'Cử nhân khoa học xã hội', '', 'Ka Admin', '2025-04-10 16:58:36', 'Ka Admin', '2025-04-15 23:52:50'),
(5, 'MBC1569652180', 'Cử nhân khoa học tự nhiên', '', 'Ka Admin', '2025-04-10 16:58:36', 'Ka Admin', '2025-04-15 23:53:10'),
(8, 'MBC1569652431', 'Cử nhân quản trị kinh doanh', '', 'Ka Admin', '2025-04-10 16:58:36', 'Ka Admin', '2025-04-15 23:53:26'),
(9, 'MBC1569652436', 'Cử nhân thương mại và quản trị', '', 'Ka Admin', '2025-04-10 16:58:36', 'Ka Admin', '2025-04-16 00:05:10'),
(10, 'MBC1569652441', 'Cử nhân kế toán', '', 'Ka Admin', '2025-04-10 16:58:36', 'Ka Admin', '2025-04-16 00:08:38'),
(11, 'MBC1569652448', 'Cử nhân luật', '', 'Ka Admin', '2025-04-10 16:58:20', 'Ka Admin', '2025-04-16 00:16:19'),
(12, 'MBC1569652456', 'Cử nhân ngành quản trị và chính sách công', '', 'Ka Admin', '2025-04-10 16:58:36', 'Ka Admin', '2025-04-16 00:26:43'),
(13, 'MBC1569652463', 'Thạc sĩ khoa học xã hội', '', 'Ka Admin', '2025-04-10 16:58:37', 'Ka Admin', '2025-04-16 00:32:26'),
(14, 'MBC1569652469', 'Thạc sĩ khoa học tự nhiên', '', 'Ka Admin', '2025-04-10 16:58:36', 'Ka Admin', '2025-04-16 00:33:43'),
(15, 'MBC1569652475', 'Thạc sĩ quản trị kinh doanh', '', 'Ka Admin', '2025-04-10 16:58:40', 'Ka Admin', '2025-04-16 00:37:18'),
(16, 'MBC1569652481', 'Thạc sĩ kế toán', '', 'Ka Admin', '2025-04-10 16:58:36', 'Ka Admin', '2025-04-16 00:40:14'),
(21, 'MBC202504160101', 'Cử nhân Công nghệ thông tin', 'Đào tạo kiến thức nền tảng về phần mềm, mạng, cơ sở dữ liệu', 'Ka Admin', '2025-04-16 19:02:41', 'Ka Admin', '2025-04-16 19:02:41'),
(22, 'MBC202504160102', 'Thạc sĩ Khoa học máy tính', 'Chuyên sâu về thuật toán, AI, xử lý dữ liệu lớn', 'Ka Admin', '2025-04-16 19:02:41', 'Ka Admin', '2025-04-16 19:02:41'),
(23, 'MBC202504160103', 'Cử nhân Khoa học dữ liệu', 'Tập trung vào khai phá dữ liệu, thống kê và Python', 'Ka Admin', '2025-04-16 19:02:41', 'Ka Admin', '2025-04-16 19:02:41'),
(24, 'MBC202504160104', 'Thạc sĩ Trí tuệ nhân tạo', 'Đào tạo chuyên sâu về AI, ML, NLP và ứng dụng thực tiễn', 'Ka Admin', '2025-04-16 19:02:41', 'Ka Admin', '2025-04-16 19:02:41'),
(25, 'MBC202504160105', 'Cử nhân Mạng máy tính và An ninh mạng', 'Trang bị kiến thức về bảo mật, hạ tầng mạng, phòng thủ số', 'Ka Admin', '2025-04-16 19:02:41', 'Ka Admin', '2025-04-16 19:02:41'),
(26, 'MBC202504160106', 'Thạc sĩ An ninh mạng', 'Chuyên sâu về an ninh hệ thống, phân tích mã độc, pentest', 'Ka Admin', '2025-04-16 19:02:41', 'Ka Admin', '2025-04-16 19:02:41'),
(27, 'MBC202504160107', 'Cử nhân Quản trị Kinh doanh', 'Cung cấp nền tảng về quản lý, tài chính, marketing, chiến lược', 'Ka Admin', '2025-04-16 19:02:41', 'Ka Admin', '2025-04-16 19:02:41'),
(28, 'MBC202504160108', 'Thạc sĩ Quản trị Kinh doanh (MBA)', 'Tập trung vào năng lực lãnh đạo, quản trị cấp cao, vận hành DN', 'Ka Admin', '2025-04-16 19:02:41', 'Ka Admin', '2025-04-16 19:02:41'),
(29, 'MBC202504160109', 'Cử nhân Marketing', 'Đào tạo kỹ năng truyền thông, định vị thương hiệu, marketing số', 'Ka Admin', '2025-04-16 19:02:41', 'Ka Admin', '2025-04-16 19:02:41'),
(30, 'MBC202504160110', 'Thạc sĩ Quản trị Chiến lược', 'Chiến lược doanh nghiệp, ra quyết định, phát triển mô hình KD', 'Ka Admin', '2025-04-16 19:02:41', 'Ka Admin', '2025-04-16 19:02:41'),
(31, 'MBC202504160111', 'Cử nhân Quản trị Nhân sự', 'Hiểu rõ quy trình tuyển dụng, đào tạo, đánh giá nhân lực', 'Ka Admin', '2025-04-16 19:02:41', 'Ka Admin', '2025-04-16 19:02:41'),
(32, 'MBC202504160112', 'Thạc sĩ Quản lý Nhân sự', 'Lãnh đạo tổ chức, quản lý nhân lực và văn hóa doanh nghiệp', 'Ka Admin', '2025-04-16 19:02:41', 'Ka Admin', '2025-04-16 19:02:41'),
(33, 'MBC202504160113', 'Cử nhân Phân tích Kinh doanh', 'Dữ liệu doanh nghiệp, mô hình hóa quy trình và ra quyết định', 'Ka Admin', '2025-04-16 19:02:41', 'Ka Admin', '2025-04-16 19:02:41'),
(34, 'MBC202504160114', 'Thạc sĩ Quản lý Công nghệ Thông tin', 'Quản trị dự án CNTT, hoạch định hệ thống và chiến lược số hóa', 'Ka Admin', '2025-04-16 19:02:41', 'Ka Admin', '2025-04-16 19:02:41'),
(35, 'MBC202504160115', 'Cử nhân Hệ thống Thông tin Quản lý', 'Kết hợp kiến thức CNTT và quản trị trong doanh nghiệp', 'Ka Admin', '2025-04-16 19:02:41', 'Ka Admin', '2025-04-16 19:02:41');

-- --------------------------------------------------------

--
-- Table structure for table `cham_cong`
--

CREATE TABLE `cham_cong` (
  `id` int(11) NOT NULL,
  `nhanvien_id` int(11) NOT NULL,
  `ngay` date NOT NULL,
  `gio_vao` time DEFAULT NULL,
  `gio_ra` time DEFAULT NULL,
  `trang_thai_vao` enum('dung_gio','tre','khong_du_lieu') DEFAULT 'khong_du_lieu',
  `trang_thai_ra` enum('dung_gio','som','khong_du_lieu') DEFAULT 'khong_du_lieu',
  `hop_le` tinyint(1) DEFAULT 0,
  `ghi_chu` text DEFAULT NULL,
  `nguoi_tao` varchar(50) DEFAULT NULL,
  `ngay_tao` datetime DEFAULT current_timestamp(),
  `nguoi_sua` varchar(50) DEFAULT NULL,
  `ngay_sua` datetime DEFAULT current_timestamp() ON UPDATE current_timestamp()
) ENGINE=InnoDB DEFAULT CHARSET=utf8 COLLATE=utf8_unicode_ci;

--
-- Dumping data for table `cham_cong`
--

INSERT INTO `cham_cong` (`id`, `nhanvien_id`, `ngay`, `gio_vao`, `gio_ra`, `trang_thai_vao`, `trang_thai_ra`, `hop_le`, `ghi_chu`, `nguoi_tao`, `ngay_tao`, `nguoi_sua`, `ngay_sua`) VALUES
(8, 42, '2025-04-16', '22:03:54', '22:04:03', 'dung_gio', 'dung_gio', 1, NULL, NULL, '2025-04-16 22:03:54', NULL, '2025-04-16 22:04:03'),
(9, 44, '2025-04-16', '22:04:14', '22:04:15', 'dung_gio', 'dung_gio', 1, NULL, NULL, '2025-04-16 22:04:14', NULL, '2025-04-16 22:04:15'),
(10, 39, '2025-04-16', '22:04:27', '22:04:31', 'dung_gio', 'dung_gio', 1, NULL, NULL, '2025-04-16 22:04:27', NULL, '2025-04-16 22:04:31'),
(11, 38, '2025-04-16', '22:04:38', '22:04:41', 'dung_gio', 'dung_gio', 1, NULL, NULL, '2025-04-16 22:04:38', NULL, '2025-04-16 22:04:41'),
(12, 35, '2025-04-16', '22:04:49', '22:04:53', 'dung_gio', 'dung_gio', 1, NULL, NULL, '2025-04-16 22:04:49', NULL, '2025-04-16 22:04:53'),
(15, 41, '2025-04-16', '22:05:32', '22:05:35', 'dung_gio', 'dung_gio', 1, NULL, NULL, '2025-04-16 22:05:32', NULL, '2025-04-16 22:05:35'),
(16, 43, '2025-04-16', '22:05:44', '22:05:49', 'dung_gio', 'dung_gio', 1, NULL, NULL, '2025-04-16 22:05:44', NULL, '2025-04-16 22:05:49'),
(17, 40, '2025-04-16', '22:05:57', '22:05:58', 'dung_gio', 'dung_gio', 1, NULL, NULL, '2025-04-16 22:05:57', NULL, '2025-04-16 22:05:58'),
(18, 34, '2025-04-16', '22:06:09', '22:06:12', 'dung_gio', 'dung_gio', 1, NULL, NULL, '2025-04-16 22:06:09', NULL, '2025-04-16 22:06:12'),
(19, 37, '2025-04-16', '23:57:13', '23:57:19', 'dung_gio', 'dung_gio', 1, NULL, NULL, '2025-04-16 23:57:13', NULL, '2025-04-16 23:57:19'),
(20, 42, '2025-04-17', '00:01:47', '00:01:55', 'dung_gio', 'dung_gio', 1, NULL, NULL, '2025-04-17 00:01:47', NULL, '2025-04-17 05:35:34'),
(26, 36, '2025-03-01', '07:46:00', '17:20:00', 'dung_gio', 'dung_gio', 1, NULL, NULL, '2025-03-01 07:46:00', NULL, '2025-03-01 17:20:00'),
(27, 36, '2025-03-03', '07:54:00', '17:15:00', 'dung_gio', 'dung_gio', 1, NULL, NULL, '2025-03-03 07:54:00', NULL, '2025-03-03 17:15:00'),
(28, 36, '2025-03-04', '07:48:00', '17:17:00', 'dung_gio', 'dung_gio', 1, NULL, NULL, '2025-03-04 07:48:00', NULL, '2025-03-04 17:17:00'),
(29, 36, '2025-03-05', '07:50:00', '17:12:00', 'dung_gio', 'dung_gio', 1, NULL, NULL, '2025-03-05 07:50:00', NULL, '2025-03-05 17:12:00'),
(30, 36, '2025-03-06', '07:49:00', '17:15:00', 'dung_gio', 'dung_gio', 1, NULL, NULL, '2025-03-06 07:49:00', NULL, '2025-03-06 17:15:00'),
(31, 36, '2025-03-07', '07:46:00', '17:19:00', 'dung_gio', 'dung_gio', 1, NULL, NULL, '2025-03-07 07:46:00', NULL, '2025-03-07 17:19:00'),
(32, 36, '2025-03-08', '07:47:00', '17:10:00', 'dung_gio', 'dung_gio', 1, NULL, NULL, '2025-03-08 07:47:00', NULL, '2025-03-08 17:10:00'),
(33, 36, '2025-03-10', '07:53:00', '17:19:00', 'dung_gio', 'dung_gio', 1, NULL, NULL, '2025-03-10 07:53:00', NULL, '2025-03-10 17:19:00'),
(34, 36, '2025-03-11', '07:45:00', '17:20:00', 'dung_gio', 'dung_gio', 1, NULL, NULL, '2025-03-11 07:45:00', NULL, '2025-03-11 17:20:00'),
(35, 36, '2025-03-12', '07:53:00', '17:20:00', 'dung_gio', 'dung_gio', 1, NULL, NULL, '2025-03-12 07:53:00', NULL, '2025-03-12 17:20:00'),
(36, 36, '2025-03-13', '07:52:00', '17:14:00', 'dung_gio', 'dung_gio', 1, NULL, NULL, '2025-03-13 07:52:00', NULL, '2025-03-13 17:14:00'),
(37, 36, '2025-03-14', '07:50:00', '17:11:00', 'dung_gio', 'dung_gio', 1, NULL, NULL, '2025-03-14 07:50:00', NULL, '2025-03-14 17:11:00'),
(38, 36, '2025-03-15', '07:49:00', '17:17:00', 'dung_gio', 'dung_gio', 1, NULL, NULL, '2025-03-15 07:49:00', NULL, '2025-03-15 17:17:00'),
(39, 36, '2025-03-17', '07:45:00', '17:10:00', 'dung_gio', 'dung_gio', 1, NULL, NULL, '2025-03-17 07:45:00', NULL, '2025-03-17 17:10:00'),
(40, 36, '2025-03-18', '07:48:00', '17:11:00', 'dung_gio', 'dung_gio', 1, NULL, NULL, '2025-03-18 07:48:00', NULL, '2025-03-18 17:11:00'),
(41, 36, '2025-03-19', '07:55:00', '17:17:00', 'dung_gio', 'dung_gio', 1, NULL, NULL, '2025-03-19 07:55:00', NULL, '2025-03-19 17:17:00'),
(42, 36, '2025-03-20', '07:45:00', '17:11:00', 'dung_gio', 'dung_gio', 1, NULL, NULL, '2025-03-20 07:45:00', NULL, '2025-03-20 17:11:00'),
(43, 36, '2025-03-21', '07:47:00', '17:12:00', 'dung_gio', 'dung_gio', 1, NULL, NULL, '2025-03-21 07:47:00', NULL, '2025-03-21 17:12:00'),
(44, 36, '2025-03-22', '07:47:00', '17:19:00', 'dung_gio', 'dung_gio', 1, NULL, NULL, '2025-03-22 07:47:00', NULL, '2025-03-22 17:19:00'),
(45, 36, '2025-03-24', '07:50:00', '17:15:00', 'dung_gio', 'dung_gio', 1, NULL, NULL, '2025-03-24 07:50:00', NULL, '2025-03-24 17:15:00'),
(46, 36, '2025-03-25', '07:50:00', '17:10:00', 'dung_gio', 'dung_gio', 1, NULL, NULL, '2025-03-25 07:50:00', NULL, '2025-03-25 17:10:00'),
(47, 36, '2025-03-26', '07:47:00', '17:20:00', 'dung_gio', 'dung_gio', 1, NULL, NULL, '2025-03-26 07:47:00', NULL, '2025-03-26 17:20:00'),
(48, 36, '2025-03-27', '07:50:00', '17:20:00', 'dung_gio', 'dung_gio', 1, NULL, NULL, '2025-03-27 07:50:00', NULL, '2025-03-27 17:20:00'),
(49, 36, '2025-03-28', '07:45:00', '17:12:00', 'dung_gio', 'dung_gio', 1, NULL, NULL, '2025-03-28 07:45:00', NULL, '2025-03-28 17:12:00'),
(50, 36, '2025-03-29', '07:46:00', '17:17:00', 'dung_gio', 'dung_gio', 1, NULL, NULL, '2025-03-29 07:46:00', NULL, '2025-03-29 17:17:00'),
(51, 36, '2025-03-31', '07:49:00', '17:15:00', 'dung_gio', 'dung_gio', 1, NULL, NULL, '2025-03-31 07:49:00', NULL, '2025-03-31 17:15:00'),
(52, 36, '2025-04-01', '07:50:00', '17:17:00', 'dung_gio', 'dung_gio', 1, NULL, NULL, '2025-04-01 07:50:00', NULL, '2025-04-01 17:17:00'),
(53, 36, '2025-04-02', '07:55:00', '17:14:00', 'dung_gio', 'dung_gio', 1, NULL, NULL, '2025-04-02 07:55:00', NULL, '2025-04-02 17:14:00'),
(54, 36, '2025-04-03', '07:46:00', '17:12:00', 'dung_gio', 'dung_gio', 1, NULL, NULL, '2025-04-03 07:46:00', NULL, '2025-04-03 17:12:00'),
(55, 36, '2025-04-04', '07:55:00', '17:16:00', 'dung_gio', 'dung_gio', 1, NULL, NULL, '2025-04-04 07:55:00', NULL, '2025-04-04 17:16:00'),
(56, 36, '2025-04-05', '07:45:00', '17:19:00', 'dung_gio', 'dung_gio', 1, NULL, NULL, '2025-04-05 07:45:00', NULL, '2025-04-05 17:19:00'),
(57, 36, '2025-04-07', '07:50:00', '17:11:00', 'dung_gio', 'dung_gio', 1, NULL, NULL, '2025-04-07 07:50:00', NULL, '2025-04-07 17:11:00'),
(58, 36, '2025-04-08', '07:49:00', '17:12:00', 'dung_gio', 'dung_gio', 1, NULL, NULL, '2025-04-08 07:49:00', NULL, '2025-04-08 17:12:00'),
(59, 36, '2025-04-09', '07:54:00', '17:18:00', 'dung_gio', 'dung_gio', 1, NULL, NULL, '2025-04-09 07:54:00', NULL, '2025-04-09 17:18:00'),
(60, 36, '2025-04-10', '07:55:00', '17:12:00', 'dung_gio', 'dung_gio', 1, NULL, NULL, '2025-04-10 07:55:00', NULL, '2025-04-10 17:12:00'),
(61, 36, '2025-04-11', '07:49:00', '17:16:00', 'dung_gio', 'dung_gio', 1, NULL, NULL, '2025-04-11 07:49:00', NULL, '2025-04-11 17:16:00'),
(62, 36, '2025-04-12', '07:53:00', '17:15:00', 'dung_gio', 'dung_gio', 1, NULL, NULL, '2025-04-12 07:53:00', NULL, '2025-04-12 17:15:00'),
(63, 36, '2025-04-14', '07:52:00', '17:18:00', 'dung_gio', 'dung_gio', 1, NULL, NULL, '2025-04-14 07:52:00', NULL, '2025-04-14 17:18:00'),
(64, 36, '2025-04-15', '07:52:00', '17:14:00', 'dung_gio', 'dung_gio', 1, NULL, NULL, '2025-04-15 07:52:00', NULL, '2025-04-15 17:14:00'),
(65, 36, '2025-04-16', '07:50:00', '17:20:00', 'dung_gio', 'dung_gio', 1, NULL, NULL, '2025-04-16 07:50:00', NULL, '2025-04-16 17:20:00'),
(66, 42, '2025-03-01', '08:46:00', '17:20:00', 'tre', 'dung_gio', 0, NULL, NULL, '2025-03-01 07:46:00', NULL, '2025-04-17 03:03:35'),
(67, 42, '2025-03-03', '07:54:00', '17:15:00', 'dung_gio', 'dung_gio', 1, NULL, NULL, '2025-03-03 07:54:00', NULL, '2025-03-03 17:15:00'),
(68, 42, '2025-03-04', '07:48:00', '17:17:00', 'dung_gio', 'dung_gio', 1, NULL, NULL, '2025-03-04 07:48:00', NULL, '2025-03-04 17:17:00'),
(69, 42, '2025-03-05', '07:50:00', '17:12:00', 'dung_gio', 'dung_gio', 1, NULL, NULL, '2025-03-05 07:50:00', NULL, '2025-03-05 17:12:00'),
(70, 42, '2025-03-06', '07:49:00', '17:15:00', 'dung_gio', 'dung_gio', 1, NULL, NULL, '2025-03-06 07:49:00', NULL, '2025-03-06 17:15:00'),
(71, 42, '2025-03-07', '07:46:00', '17:19:00', 'dung_gio', 'dung_gio', 1, NULL, NULL, '2025-03-07 07:46:00', NULL, '2025-03-07 17:19:00'),
(72, 42, '2025-03-08', '07:47:00', '17:10:00', 'dung_gio', 'dung_gio', 1, NULL, NULL, '2025-03-08 07:47:00', NULL, '2025-03-08 17:10:00'),
(73, 42, '2025-03-10', '07:53:00', '17:19:00', 'dung_gio', 'dung_gio', 1, NULL, NULL, '2025-03-10 07:53:00', NULL, '2025-03-10 17:19:00'),
(74, 42, '2025-03-11', '07:45:00', '17:20:00', 'dung_gio', 'dung_gio', 1, NULL, NULL, '2025-03-11 07:45:00', NULL, '2025-03-11 17:20:00'),
(75, 42, '2025-03-12', '07:53:00', '17:20:00', 'dung_gio', 'dung_gio', 1, NULL, NULL, '2025-03-12 07:53:00', NULL, '2025-03-12 17:20:00'),
(76, 42, '2025-03-13', '07:52:00', '17:14:00', 'dung_gio', 'dung_gio', 1, NULL, NULL, '2025-03-13 07:52:00', NULL, '2025-03-13 17:14:00'),
(77, 42, '2025-03-14', '07:50:00', '17:11:00', 'dung_gio', 'dung_gio', 1, NULL, NULL, '2025-03-14 07:50:00', NULL, '2025-03-14 17:11:00'),
(78, 42, '2025-03-15', '07:49:00', '17:17:00', 'dung_gio', 'dung_gio', 1, NULL, NULL, '2025-03-15 07:49:00', NULL, '2025-03-15 17:17:00'),
(79, 42, '2025-03-17', '08:45:00', '17:10:00', 'tre', 'dung_gio', 0, NULL, NULL, '2025-03-17 07:45:00', NULL, '2025-04-17 03:03:56'),
(80, 42, '2025-03-18', '07:48:00', '17:11:00', 'dung_gio', 'dung_gio', 1, NULL, NULL, '2025-03-18 07:48:00', NULL, '2025-03-18 17:11:00'),
(81, 42, '2025-03-19', '07:55:00', '17:17:00', 'dung_gio', 'dung_gio', 1, NULL, NULL, '2025-03-19 07:55:00', NULL, '2025-03-19 17:17:00'),
(82, 42, '2025-03-20', '07:45:00', '17:11:00', 'dung_gio', 'dung_gio', 1, NULL, NULL, '2025-03-20 07:45:00', NULL, '2025-03-20 17:11:00'),
(83, 42, '2025-03-21', '07:47:00', '17:12:00', 'dung_gio', 'dung_gio', 1, NULL, NULL, '2025-03-21 07:47:00', NULL, '2025-03-21 17:12:00'),
(84, 42, '2025-03-22', '07:47:00', '17:19:00', 'dung_gio', 'dung_gio', 1, NULL, NULL, '2025-03-22 07:47:00', NULL, '2025-03-22 17:19:00'),
(85, 42, '2025-03-24', '07:50:00', '17:15:00', 'dung_gio', 'dung_gio', 1, NULL, NULL, '2025-03-24 07:50:00', NULL, '2025-03-24 17:15:00'),
(86, 42, '2025-03-25', '07:50:00', '17:10:00', 'dung_gio', 'dung_gio', 1, NULL, NULL, '2025-03-25 07:50:00', NULL, '2025-03-25 17:10:00'),
(87, 42, '2025-03-26', '07:47:00', '17:20:00', 'dung_gio', 'dung_gio', 1, NULL, NULL, '2025-03-26 07:47:00', NULL, '2025-03-26 17:20:00'),
(88, 42, '2025-03-27', '07:50:00', '17:20:00', 'dung_gio', 'dung_gio', 1, NULL, NULL, '2025-03-27 07:50:00', NULL, '2025-03-27 17:20:00'),
(89, 42, '2025-03-28', '07:45:00', '17:12:00', 'dung_gio', 'dung_gio', 1, NULL, NULL, '2025-03-28 07:45:00', NULL, '2025-03-28 17:12:00'),
(90, 42, '2025-03-29', '07:46:00', '17:17:00', 'dung_gio', 'dung_gio', 1, NULL, NULL, '2025-03-29 07:46:00', NULL, '2025-03-29 17:17:00'),
(91, 42, '2025-03-31', '07:49:00', '17:15:00', 'dung_gio', 'dung_gio', 1, NULL, NULL, '2025-03-31 07:49:00', NULL, '2025-03-31 17:15:00'),
(92, 42, '2025-04-01', '07:50:00', '17:17:00', 'dung_gio', 'dung_gio', 1, NULL, NULL, '2025-04-01 07:50:00', NULL, '2025-04-01 17:17:00'),
(93, 42, '2025-04-02', '07:55:00', '17:14:00', 'dung_gio', 'dung_gio', 1, NULL, NULL, '2025-04-02 07:55:00', NULL, '2025-04-02 17:14:00'),
(94, 42, '2025-04-03', '07:46:00', '17:12:00', 'dung_gio', 'dung_gio', 1, NULL, NULL, '2025-04-03 07:46:00', NULL, '2025-04-03 17:12:00'),
(95, 42, '2025-04-04', '07:55:00', '17:16:00', 'dung_gio', 'dung_gio', 1, NULL, NULL, '2025-04-04 07:55:00', NULL, '2025-04-04 17:16:00'),
(96, 42, '2025-04-05', '07:45:00', '17:19:00', 'dung_gio', 'dung_gio', 1, NULL, NULL, '2025-04-05 07:45:00', NULL, '2025-04-05 17:19:00'),
(97, 42, '2025-04-07', '07:50:00', '17:11:00', 'dung_gio', 'dung_gio', 1, NULL, NULL, '2025-04-07 07:50:00', NULL, '2025-04-07 17:11:00'),
(98, 42, '2025-04-08', '07:49:00', '17:12:00', 'dung_gio', 'dung_gio', 1, NULL, NULL, '2025-04-08 07:49:00', NULL, '2025-04-08 17:12:00'),
(99, 42, '2025-04-09', '07:54:00', '17:18:00', 'dung_gio', 'dung_gio', 1, NULL, NULL, '2025-04-09 07:54:00', NULL, '2025-04-09 17:18:00'),
(100, 42, '2025-04-10', '07:55:00', '17:12:00', 'dung_gio', 'dung_gio', 1, NULL, NULL, '2025-04-10 07:55:00', NULL, '2025-04-10 17:12:00'),
(101, 42, '2025-04-11', '07:49:00', '17:16:00', 'dung_gio', 'dung_gio', 1, NULL, NULL, '2025-04-11 07:49:00', NULL, '2025-04-11 17:16:00'),
(102, 42, '2025-04-12', '07:53:00', '17:15:00', 'dung_gio', 'dung_gio', 1, NULL, NULL, '2025-04-12 07:53:00', NULL, '2025-04-12 17:15:00'),
(103, 42, '2025-04-14', '07:52:00', '17:18:00', 'dung_gio', 'dung_gio', 1, NULL, NULL, '2025-04-14 07:52:00', NULL, '2025-04-14 17:18:00'),
(104, 42, '2025-04-15', '07:52:00', '17:14:00', 'dung_gio', 'dung_gio', 1, NULL, NULL, '2025-04-15 07:52:00', NULL, '2025-04-15 17:14:00'),
(105, 38, '2025-03-01', '07:46:00', '17:20:00', 'dung_gio', 'dung_gio', 1, NULL, NULL, '2025-03-01 07:46:00', NULL, '2025-03-01 17:20:00'),
(106, 38, '2025-03-03', '07:54:00', '17:15:00', 'dung_gio', 'dung_gio', 1, NULL, NULL, '2025-03-03 07:54:00', NULL, '2025-03-03 17:15:00'),
(107, 38, '2025-03-04', '08:48:00', '17:17:00', 'tre', 'dung_gio', 0, NULL, NULL, '2025-03-04 07:48:00', NULL, '2025-03-04 17:17:00'),
(108, 38, '2025-03-05', '07:50:00', '17:12:00', 'dung_gio', 'dung_gio', 1, NULL, NULL, '2025-03-05 07:50:00', NULL, '2025-03-05 17:12:00'),
(109, 38, '2025-03-06', '07:49:00', '17:15:00', 'dung_gio', 'dung_gio', 1, NULL, NULL, '2025-03-06 07:49:00', NULL, '2025-03-06 17:15:00'),
(110, 38, '2025-03-07', '07:46:00', '17:19:00', 'dung_gio', 'dung_gio', 1, NULL, NULL, '2025-03-07 07:46:00', NULL, '2025-03-07 17:19:00'),
(111, 38, '2025-03-08', '07:47:00', '17:10:00', 'dung_gio', 'dung_gio', 1, NULL, NULL, '2025-03-08 07:47:00', NULL, '2025-03-08 17:10:00'),
(112, 38, '2025-03-10', '07:53:00', '17:19:00', 'dung_gio', 'dung_gio', 1, NULL, NULL, '2025-03-10 07:53:00', NULL, '2025-03-10 17:19:00'),
(113, 38, '2025-03-11', '07:45:00', '17:20:00', 'dung_gio', 'dung_gio', 1, NULL, NULL, '2025-03-11 07:45:00', NULL, '2025-03-11 17:20:00'),
(114, 38, '2025-03-12', '07:53:00', '17:20:00', 'dung_gio', 'dung_gio', 1, NULL, NULL, '2025-03-12 07:53:00', NULL, '2025-03-12 17:20:00'),
(115, 38, '2025-03-13', '07:52:00', '17:14:00', 'dung_gio', 'dung_gio', 1, NULL, NULL, '2025-03-13 07:52:00', NULL, '2025-03-13 17:14:00'),
(116, 38, '2025-03-14', '07:50:00', '17:11:00', 'dung_gio', 'dung_gio', 1, NULL, NULL, '2025-03-14 07:50:00', NULL, '2025-03-14 17:11:00'),
(117, 38, '2025-03-15', '07:49:00', '17:17:00', 'dung_gio', 'dung_gio', 1, NULL, NULL, '2025-03-15 07:49:00', NULL, '2025-03-15 17:17:00'),
(118, 38, '2025-03-17', '07:45:00', '17:10:00', 'dung_gio', 'dung_gio', 1, NULL, NULL, '2025-03-17 07:45:00', NULL, '2025-03-17 17:10:00'),
(119, 38, '2025-03-18', '07:48:00', '17:11:00', 'dung_gio', 'dung_gio', 1, NULL, NULL, '2025-03-18 07:48:00', NULL, '2025-03-18 17:11:00'),
(120, 38, '2025-03-19', '07:55:00', '17:17:00', 'dung_gio', 'dung_gio', 1, NULL, NULL, '2025-03-19 07:55:00', NULL, '2025-03-19 17:17:00'),
(121, 38, '2025-03-20', '07:45:00', '17:11:00', 'dung_gio', 'dung_gio', 1, NULL, NULL, '2025-03-20 07:45:00', NULL, '2025-03-20 17:11:00'),
(122, 38, '2025-03-21', '07:47:00', '17:12:00', 'dung_gio', 'dung_gio', 1, NULL, NULL, '2025-03-21 07:47:00', NULL, '2025-03-21 17:12:00'),
(123, 38, '2025-03-22', '07:47:00', '17:19:00', 'dung_gio', 'dung_gio', 1, NULL, NULL, '2025-03-22 07:47:00', NULL, '2025-03-22 17:19:00'),
(124, 38, '2025-03-24', '07:50:00', '17:15:00', 'dung_gio', 'dung_gio', 1, NULL, NULL, '2025-03-24 07:50:00', NULL, '2025-03-24 17:15:00'),
(125, 38, '2025-03-25', '07:50:00', '17:10:00', 'dung_gio', 'dung_gio', 1, NULL, NULL, '2025-03-25 07:50:00', NULL, '2025-03-25 17:10:00'),
(126, 38, '2025-03-26', '07:47:00', '17:20:00', 'dung_gio', 'dung_gio', 1, NULL, NULL, '2025-03-26 07:47:00', NULL, '2025-03-26 17:20:00'),
(127, 38, '2025-03-27', '07:50:00', '17:20:00', 'dung_gio', 'dung_gio', 1, NULL, NULL, '2025-03-27 07:50:00', NULL, '2025-03-27 17:20:00'),
(128, 38, '2025-03-28', '07:45:00', '17:12:00', 'dung_gio', 'dung_gio', 1, NULL, NULL, '2025-03-28 07:45:00', NULL, '2025-03-28 17:12:00'),
(129, 38, '2025-03-29', '07:46:00', '17:17:00', 'dung_gio', 'dung_gio', 1, NULL, NULL, '2025-03-29 07:46:00', NULL, '2025-03-29 17:17:00'),
(130, 38, '2025-03-31', '07:49:00', '17:15:00', 'dung_gio', 'dung_gio', 1, NULL, NULL, '2025-03-31 07:49:00', NULL, '2025-03-31 17:15:00'),
(131, 38, '2025-04-01', '07:50:00', '17:17:00', 'dung_gio', 'dung_gio', 1, NULL, NULL, '2025-04-01 07:50:00', NULL, '2025-04-01 17:17:00'),
(132, 38, '2025-04-02', '07:55:00', '17:14:00', 'dung_gio', 'dung_gio', 1, NULL, NULL, '2025-04-02 07:55:00', NULL, '2025-04-02 17:14:00'),
(133, 38, '2025-04-03', '07:46:00', '17:12:00', 'dung_gio', 'dung_gio', 1, NULL, NULL, '2025-04-03 07:46:00', NULL, '2025-04-03 17:12:00'),
(134, 38, '2025-04-04', '07:55:00', '17:16:00', 'dung_gio', 'dung_gio', 1, NULL, NULL, '2025-04-04 07:55:00', NULL, '2025-04-04 17:16:00'),
(135, 38, '2025-04-05', '07:45:00', '17:19:00', 'dung_gio', 'dung_gio', 1, NULL, NULL, '2025-04-05 07:45:00', NULL, '2025-04-05 17:19:00'),
(136, 38, '2025-04-07', '07:50:00', '17:11:00', 'dung_gio', 'dung_gio', 1, NULL, NULL, '2025-04-07 07:50:00', NULL, '2025-04-07 17:11:00'),
(137, 38, '2025-04-08', '07:49:00', '17:12:00', 'dung_gio', 'dung_gio', 1, NULL, NULL, '2025-04-08 07:49:00', NULL, '2025-04-08 17:12:00'),
(138, 38, '2025-04-09', '07:54:00', '17:18:00', 'dung_gio', 'dung_gio', 1, NULL, NULL, '2025-04-09 07:54:00', NULL, '2025-04-09 17:18:00'),
(139, 38, '2025-04-10', '07:55:00', '17:12:00', 'dung_gio', 'dung_gio', 1, NULL, NULL, '2025-04-10 07:55:00', NULL, '2025-04-10 17:12:00'),
(140, 38, '2025-04-11', '08:30:00', '17:16:00', 'tre', 'dung_gio', 0, NULL, NULL, '2025-04-11 07:49:00', NULL, '2025-04-11 17:16:00'),
(141, 38, '2025-04-12', '07:53:00', '17:15:00', 'dung_gio', 'dung_gio', 1, NULL, NULL, '2025-04-12 07:53:00', NULL, '2025-04-12 17:15:00'),
(142, 38, '2025-04-14', '07:52:00', '17:18:00', 'dung_gio', 'dung_gio', 1, NULL, NULL, '2025-04-14 07:52:00', NULL, '2025-04-14 17:18:00'),
(143, 36, '2025-04-15', '07:52:00', '17:14:00', 'dung_gio', 'dung_gio', 1, NULL, NULL, '2025-04-15 07:52:00', NULL, '2025-04-15 17:14:00'),
(144, 34, '2025-03-01', '07:46:00', '17:20:00', 'dung_gio', 'dung_gio', 1, NULL, NULL, '2025-03-01 07:46:00', NULL, '2025-03-01 17:20:00'),
(145, 34, '2025-03-03', '07:54:00', '17:15:00', 'dung_gio', 'dung_gio', 1, NULL, NULL, '2025-03-03 07:54:00', NULL, '2025-03-03 17:15:00'),
(146, 34, '2025-03-04', '07:48:00', '17:17:00', 'dung_gio', 'dung_gio', 1, NULL, NULL, '2025-03-04 07:48:00', NULL, '2025-03-04 17:17:00'),
(147, 34, '2025-03-05', '07:50:00', '17:12:00', 'dung_gio', 'dung_gio', 1, NULL, NULL, '2025-03-05 07:50:00', NULL, '2025-03-05 17:12:00'),
(148, 34, '2025-03-06', '07:49:00', '17:15:00', 'dung_gio', 'dung_gio', 1, NULL, NULL, '2025-03-06 07:49:00', NULL, '2025-03-06 17:15:00'),
(149, 34, '2025-03-07', '07:46:00', '17:19:00', 'dung_gio', 'dung_gio', 1, NULL, NULL, '2025-03-07 07:46:00', NULL, '2025-03-07 17:19:00'),
(150, 34, '2025-03-08', '07:47:00', '17:10:00', 'dung_gio', 'dung_gio', 1, NULL, NULL, '2025-03-08 07:47:00', NULL, '2025-03-08 17:10:00'),
(151, 34, '2025-03-10', '07:53:00', '17:19:00', 'dung_gio', 'dung_gio', 1, NULL, NULL, '2025-03-10 07:53:00', NULL, '2025-03-10 17:19:00'),
(152, 34, '2025-03-11', '07:45:00', '17:20:00', 'dung_gio', 'dung_gio', 1, NULL, NULL, '2025-03-11 07:45:00', NULL, '2025-03-11 17:20:00'),
(153, 34, '2025-03-12', '07:53:00', '17:20:00', 'dung_gio', 'dung_gio', 1, NULL, NULL, '2025-03-12 07:53:00', NULL, '2025-03-12 17:20:00'),
(154, 34, '2025-03-13', '07:52:00', '17:14:00', 'dung_gio', 'dung_gio', 1, NULL, NULL, '2025-03-13 07:52:00', NULL, '2025-03-13 17:14:00'),
(155, 34, '2025-03-14', '07:50:00', '17:11:00', 'dung_gio', 'dung_gio', 1, NULL, NULL, '2025-03-14 07:50:00', NULL, '2025-03-14 17:11:00'),
(156, 34, '2025-03-15', '07:49:00', '17:17:00', 'dung_gio', 'dung_gio', 1, NULL, NULL, '2025-03-15 07:49:00', NULL, '2025-03-15 17:17:00'),
(157, 34, '2025-03-17', '07:45:00', '17:10:00', 'dung_gio', 'dung_gio', 1, NULL, NULL, '2025-03-17 07:45:00', NULL, '2025-03-17 17:10:00'),
(158, 34, '2025-03-18', '07:48:00', '17:11:00', 'dung_gio', 'dung_gio', 1, NULL, NULL, '2025-03-18 07:48:00', NULL, '2025-03-18 17:11:00'),
(159, 34, '2025-03-19', '07:55:00', '17:17:00', 'dung_gio', 'dung_gio', 1, NULL, NULL, '2025-03-19 07:55:00', NULL, '2025-03-19 17:17:00'),
(160, 34, '2025-03-20', '07:45:00', '17:11:00', 'dung_gio', 'dung_gio', 1, NULL, NULL, '2025-03-20 07:45:00', NULL, '2025-03-20 17:11:00'),
(161, 34, '2025-03-21', '07:47:00', '17:12:00', 'dung_gio', 'dung_gio', 1, NULL, NULL, '2025-03-21 07:47:00', NULL, '2025-03-21 17:12:00'),
(162, 34, '2025-03-22', '07:47:00', '17:19:00', 'dung_gio', 'dung_gio', 1, NULL, NULL, '2025-03-22 07:47:00', NULL, '2025-03-22 17:19:00'),
(163, 34, '2025-03-24', '07:50:00', '17:15:00', 'dung_gio', 'dung_gio', 1, NULL, NULL, '2025-03-24 07:50:00', NULL, '2025-03-24 17:15:00'),
(164, 34, '2025-03-25', '07:50:00', '17:10:00', 'dung_gio', 'dung_gio', 1, NULL, NULL, '2025-03-25 07:50:00', NULL, '2025-03-25 17:10:00'),
(165, 34, '2025-03-26', '07:47:00', '17:20:00', 'dung_gio', 'dung_gio', 1, NULL, NULL, '2025-03-26 07:47:00', NULL, '2025-03-26 17:20:00'),
(166, 34, '2025-03-27', '07:50:00', '17:20:00', 'dung_gio', 'dung_gio', 1, NULL, NULL, '2025-03-27 07:50:00', NULL, '2025-03-27 17:20:00'),
(167, 34, '2025-03-28', '07:45:00', '17:12:00', 'dung_gio', 'dung_gio', 1, NULL, NULL, '2025-03-28 07:45:00', NULL, '2025-03-28 17:12:00'),
(168, 34, '2025-03-29', '07:46:00', '17:17:00', 'dung_gio', 'dung_gio', 1, NULL, NULL, '2025-03-29 07:46:00', NULL, '2025-03-29 17:17:00'),
(169, 34, '2025-03-31', '07:49:00', '17:15:00', 'dung_gio', 'dung_gio', 1, NULL, NULL, '2025-03-31 07:49:00', NULL, '2025-03-31 17:15:00'),
(170, 34, '2025-04-01', '07:50:00', '17:17:00', 'dung_gio', 'dung_gio', 1, NULL, NULL, '2025-04-01 07:50:00', NULL, '2025-04-01 17:17:00'),
(171, 34, '2025-04-02', '07:55:00', '17:14:00', 'dung_gio', 'dung_gio', 1, NULL, NULL, '2025-04-02 07:55:00', NULL, '2025-04-02 17:14:00'),
(172, 34, '2025-04-03', '07:46:00', '17:12:00', 'dung_gio', 'dung_gio', 1, NULL, NULL, '2025-04-03 07:46:00', NULL, '2025-04-03 17:12:00'),
(173, 34, '2025-04-04', '07:55:00', '17:16:00', 'dung_gio', 'dung_gio', 1, NULL, NULL, '2025-04-04 07:55:00', NULL, '2025-04-04 17:16:00'),
(174, 34, '2025-04-05', '07:45:00', '17:19:00', 'dung_gio', 'dung_gio', 1, NULL, NULL, '2025-04-05 07:45:00', NULL, '2025-04-05 17:19:00'),
(175, 34, '2025-04-07', '07:50:00', '17:11:00', 'dung_gio', 'dung_gio', 1, NULL, NULL, '2025-04-07 07:50:00', NULL, '2025-04-07 17:11:00'),
(176, 34, '2025-04-08', '07:49:00', '17:12:00', 'dung_gio', 'dung_gio', 1, NULL, NULL, '2025-04-08 07:49:00', NULL, '2025-04-08 17:12:00'),
(177, 34, '2025-04-09', '07:54:00', '17:18:00', 'dung_gio', 'dung_gio', 1, NULL, NULL, '2025-04-09 07:54:00', NULL, '2025-04-09 17:18:00'),
(178, 34, '2025-04-10', '07:55:00', '17:12:00', 'dung_gio', 'dung_gio', 1, NULL, NULL, '2025-04-10 07:55:00', NULL, '2025-04-10 17:12:00'),
(179, 34, '2025-04-11', '07:49:00', '17:16:00', 'dung_gio', 'dung_gio', 1, NULL, NULL, '2025-04-11 07:49:00', NULL, '2025-04-11 17:16:00'),
(180, 34, '2025-04-12', '07:53:00', '17:15:00', 'dung_gio', 'dung_gio', 1, NULL, NULL, '2025-04-12 07:53:00', NULL, '2025-04-12 17:15:00'),
(181, 34, '2025-04-14', '07:52:00', '17:18:00', 'dung_gio', 'dung_gio', 1, NULL, NULL, '2025-04-14 07:52:00', NULL, '2025-04-14 17:18:00'),
(182, 34, '2025-04-15', '07:52:00', '17:14:00', 'dung_gio', 'dung_gio', 1, NULL, NULL, '2025-04-15 07:52:00', NULL, '2025-04-15 17:14:00'),
(183, 41, '2025-03-01', '07:46:00', '17:20:00', 'dung_gio', 'dung_gio', 1, NULL, NULL, '2025-03-01 07:46:00', NULL, '2025-03-01 17:20:00'),
(184, 41, '2025-03-03', '07:54:00', '17:15:00', 'dung_gio', 'dung_gio', 1, NULL, NULL, '2025-03-03 07:54:00', NULL, '2025-03-03 17:15:00'),
(185, 41, '2025-03-04', '07:48:00', '17:17:00', 'dung_gio', 'dung_gio', 1, NULL, NULL, '2025-03-04 07:48:00', NULL, '2025-03-04 17:17:00'),
(186, 41, '2025-03-05', '07:50:00', '17:12:00', 'dung_gio', 'dung_gio', 1, NULL, NULL, '2025-03-05 07:50:00', NULL, '2025-03-05 17:12:00'),
(187, 41, '2025-03-06', '07:49:00', '17:15:00', 'dung_gio', 'dung_gio', 1, NULL, NULL, '2025-03-06 07:49:00', NULL, '2025-03-06 17:15:00'),
(188, 41, '2025-03-07', '07:46:00', '17:19:00', 'dung_gio', 'dung_gio', 1, NULL, NULL, '2025-03-07 07:46:00', NULL, '2025-03-07 17:19:00'),
(189, 41, '2025-03-08', '07:47:00', '17:10:00', 'dung_gio', 'dung_gio', 1, NULL, NULL, '2025-03-08 07:47:00', NULL, '2025-03-08 17:10:00'),
(190, 41, '2025-03-10', '07:53:00', '17:19:00', 'dung_gio', 'dung_gio', 1, NULL, NULL, '2025-03-10 07:53:00', NULL, '2025-03-10 17:19:00'),
(191, 41, '2025-03-11', '07:45:00', '16:20:00', 'dung_gio', 'som', 0, NULL, NULL, '2025-03-11 07:45:00', NULL, '2025-04-17 04:00:46'),
(192, 41, '2025-03-12', '07:53:00', '17:20:00', 'dung_gio', 'dung_gio', 1, NULL, NULL, '2025-03-12 07:53:00', NULL, '2025-03-12 17:20:00'),
(193, 41, '2025-03-13', '07:52:00', '17:14:00', 'dung_gio', 'dung_gio', 1, NULL, NULL, '2025-03-13 07:52:00', NULL, '2025-03-13 17:14:00'),
(194, 41, '2025-03-14', '07:50:00', '17:11:00', 'dung_gio', 'dung_gio', 1, NULL, NULL, '2025-03-14 07:50:00', NULL, '2025-03-14 17:11:00'),
(195, 41, '2025-03-15', '07:49:00', '17:17:00', 'dung_gio', 'dung_gio', 1, NULL, NULL, '2025-03-15 07:49:00', NULL, '2025-03-15 17:17:00'),
(196, 41, '2025-03-17', '07:45:00', '17:10:00', 'dung_gio', 'dung_gio', 1, NULL, NULL, '2025-03-17 07:45:00', NULL, '2025-03-17 17:10:00'),
(197, 41, '2025-03-18', '07:48:00', '17:11:00', 'dung_gio', 'dung_gio', 1, NULL, NULL, '2025-03-18 07:48:00', NULL, '2025-03-18 17:11:00'),
(198, 41, '2025-03-19', '07:55:00', '17:17:00', 'dung_gio', 'dung_gio', 1, NULL, NULL, '2025-03-19 07:55:00', NULL, '2025-03-19 17:17:00'),
(199, 41, '2025-03-20', '07:45:00', '17:11:00', 'dung_gio', 'dung_gio', 1, NULL, NULL, '2025-03-20 07:45:00', NULL, '2025-03-20 17:11:00'),
(200, 41, '2025-03-21', '07:47:00', '17:12:00', 'dung_gio', 'dung_gio', 1, NULL, NULL, '2025-03-21 07:47:00', NULL, '2025-03-21 17:12:00'),
(201, 41, '2025-03-22', '07:47:00', '17:19:00', 'dung_gio', 'dung_gio', 1, NULL, NULL, '2025-03-22 07:47:00', NULL, '2025-03-22 17:19:00'),
(202, 41, '2025-03-24', '07:50:00', '17:15:00', 'dung_gio', 'dung_gio', 1, NULL, NULL, '2025-03-24 07:50:00', NULL, '2025-03-24 17:15:00'),
(203, 41, '2025-03-25', '07:50:00', '17:10:00', 'dung_gio', 'dung_gio', 1, NULL, NULL, '2025-03-25 07:50:00', NULL, '2025-03-25 17:10:00'),
(204, 41, '2025-03-26', '07:47:00', '17:20:00', 'dung_gio', 'dung_gio', 1, NULL, NULL, '2025-03-26 07:47:00', NULL, '2025-03-26 17:20:00'),
(205, 41, '2025-03-27', '07:50:00', '17:20:00', 'dung_gio', 'dung_gio', 1, NULL, NULL, '2025-03-27 07:50:00', NULL, '2025-03-27 17:20:00'),
(206, 41, '2025-03-28', '07:45:00', '17:12:00', 'dung_gio', 'dung_gio', 1, NULL, NULL, '2025-03-28 07:45:00', NULL, '2025-03-28 17:12:00'),
(207, 41, '2025-03-29', '07:46:00', '17:17:00', 'dung_gio', 'dung_gio', 1, NULL, NULL, '2025-03-29 07:46:00', NULL, '2025-03-29 17:17:00'),
(208, 41, '2025-03-31', '07:49:00', '17:15:00', 'dung_gio', 'dung_gio', 1, NULL, NULL, '2025-03-31 07:49:00', NULL, '2025-03-31 17:15:00'),
(209, 41, '2025-04-01', '07:50:00', '17:17:00', 'dung_gio', 'dung_gio', 1, NULL, NULL, '2025-04-01 07:50:00', NULL, '2025-04-01 17:17:00'),
(210, 41, '2025-04-02', '07:55:00', '17:14:00', 'dung_gio', 'dung_gio', 1, NULL, NULL, '2025-04-02 07:55:00', NULL, '2025-04-02 17:14:00'),
(211, 41, '2025-04-03', '07:46:00', '17:12:00', 'dung_gio', 'dung_gio', 1, NULL, NULL, '2025-04-03 07:46:00', NULL, '2025-04-03 17:12:00'),
(212, 41, '2025-04-04', '07:55:00', '17:16:00', 'dung_gio', 'dung_gio', 1, NULL, NULL, '2025-04-04 07:55:00', NULL, '2025-04-04 17:16:00'),
(213, 41, '2025-04-05', '07:45:00', '17:19:00', 'dung_gio', 'dung_gio', 1, NULL, NULL, '2025-04-05 07:45:00', NULL, '2025-04-05 17:19:00'),
(214, 41, '2025-04-07', '07:50:00', '17:11:00', 'dung_gio', 'dung_gio', 1, NULL, NULL, '2025-04-07 07:50:00', NULL, '2025-04-07 17:11:00'),
(215, 41, '2025-04-08', '07:49:00', '17:12:00', 'dung_gio', 'dung_gio', 1, NULL, NULL, '2025-04-08 07:49:00', NULL, '2025-04-08 17:12:00'),
(216, 41, '2025-04-09', '07:54:00', '17:18:00', 'dung_gio', 'dung_gio', 1, NULL, NULL, '2025-04-09 07:54:00', NULL, '2025-04-09 17:18:00'),
(217, 41, '2025-04-10', '07:55:00', '17:12:00', 'dung_gio', 'dung_gio', 1, NULL, NULL, '2025-04-10 07:55:00', NULL, '2025-04-10 17:12:00'),
(218, 41, '2025-04-11', '07:49:00', '17:16:00', 'dung_gio', 'dung_gio', 1, NULL, NULL, '2025-04-11 07:49:00', NULL, '2025-04-11 17:16:00'),
(219, 41, '2025-04-12', '07:53:00', '17:15:00', 'dung_gio', 'dung_gio', 1, NULL, NULL, '2025-04-12 07:53:00', NULL, '2025-04-12 17:15:00'),
(220, 41, '2025-04-14', '07:52:00', '17:18:00', 'dung_gio', 'dung_gio', 1, NULL, NULL, '2025-04-14 07:52:00', NULL, '2025-04-14 17:18:00'),
(221, 41, '2025-04-15', '07:52:00', '17:14:00', 'dung_gio', 'dung_gio', 1, NULL, NULL, '2025-04-15 07:52:00', NULL, '2025-04-15 17:14:00'),
(222, 35, '2025-03-01', '07:46:00', '17:20:00', 'dung_gio', 'dung_gio', 1, NULL, NULL, '2025-03-01 07:46:00', NULL, '2025-03-01 17:20:00'),
(223, 35, '2025-03-03', '07:54:00', '17:15:00', 'dung_gio', 'dung_gio', 1, NULL, NULL, '2025-03-03 07:54:00', NULL, '2025-03-03 17:15:00'),
(224, 35, '2025-03-04', '07:48:00', '17:17:00', 'dung_gio', 'dung_gio', 1, NULL, NULL, '2025-03-04 07:48:00', NULL, '2025-03-04 17:17:00'),
(225, 35, '2025-03-05', '07:50:00', '17:12:00', 'dung_gio', 'dung_gio', 1, NULL, NULL, '2025-03-05 07:50:00', NULL, '2025-03-05 17:12:00'),
(226, 35, '2025-03-06', '07:49:00', '17:15:00', 'dung_gio', 'dung_gio', 1, NULL, NULL, '2025-03-06 07:49:00', NULL, '2025-03-06 17:15:00'),
(227, 35, '2025-03-07', '07:46:00', '17:19:00', 'dung_gio', 'dung_gio', 1, NULL, NULL, '2025-03-07 07:46:00', NULL, '2025-03-07 17:19:00'),
(228, 35, '2025-03-08', '07:47:00', '17:10:00', 'dung_gio', 'dung_gio', 1, NULL, NULL, '2025-03-08 07:47:00', NULL, '2025-03-08 17:10:00'),
(229, 35, '2025-03-10', '07:53:00', '17:19:00', 'dung_gio', 'dung_gio', 1, NULL, NULL, '2025-03-10 07:53:00', NULL, '2025-03-10 17:19:00'),
(230, 35, '2025-03-11', '07:45:00', '17:20:00', 'dung_gio', 'dung_gio', 1, NULL, NULL, '2025-03-11 07:45:00', NULL, '2025-03-11 17:20:00'),
(231, 35, '2025-03-12', '07:53:00', '17:20:00', 'dung_gio', 'dung_gio', 1, NULL, NULL, '2025-03-12 07:53:00', NULL, '2025-03-12 17:20:00'),
(232, 35, '2025-03-13', '07:52:00', '17:14:00', 'dung_gio', 'dung_gio', 1, NULL, NULL, '2025-03-13 07:52:00', NULL, '2025-03-13 17:14:00'),
(233, 35, '2025-03-14', '07:50:00', '17:11:00', 'dung_gio', 'dung_gio', 1, NULL, NULL, '2025-03-14 07:50:00', NULL, '2025-03-14 17:11:00'),
(234, 35, '2025-03-15', '07:49:00', '17:17:00', 'dung_gio', 'dung_gio', 1, NULL, NULL, '2025-03-15 07:49:00', NULL, '2025-03-15 17:17:00'),
(235, 35, '2025-03-17', '07:45:00', '17:10:00', 'dung_gio', 'dung_gio', 1, NULL, NULL, '2025-03-17 07:45:00', NULL, '2025-03-17 17:10:00'),
(236, 35, '2025-03-18', '07:48:00', '17:11:00', 'dung_gio', 'dung_gio', 1, NULL, NULL, '2025-03-18 07:48:00', NULL, '2025-03-18 17:11:00'),
(237, 35, '2025-03-19', '07:55:00', '17:17:00', 'dung_gio', 'dung_gio', 1, NULL, NULL, '2025-03-19 07:55:00', NULL, '2025-03-19 17:17:00'),
(238, 35, '2025-03-20', '07:45:00', '17:11:00', 'dung_gio', 'dung_gio', 1, NULL, NULL, '2025-03-20 07:45:00', NULL, '2025-03-20 17:11:00'),
(239, 35, '2025-03-21', '07:47:00', '17:12:00', 'dung_gio', 'dung_gio', 1, NULL, NULL, '2025-03-21 07:47:00', NULL, '2025-03-21 17:12:00'),
(240, 35, '2025-03-22', '07:47:00', '17:19:00', 'dung_gio', 'dung_gio', 1, NULL, NULL, '2025-03-22 07:47:00', NULL, '2025-03-22 17:19:00'),
(241, 35, '2025-03-24', '07:50:00', '17:15:00', 'dung_gio', 'dung_gio', 1, NULL, NULL, '2025-03-24 07:50:00', NULL, '2025-03-24 17:15:00'),
(242, 35, '2025-03-25', '07:50:00', '17:10:00', 'dung_gio', 'dung_gio', 1, NULL, NULL, '2025-03-25 07:50:00', NULL, '2025-03-25 17:10:00'),
(243, 35, '2025-03-26', '07:47:00', '17:20:00', 'dung_gio', 'dung_gio', 1, NULL, NULL, '2025-03-26 07:47:00', NULL, '2025-03-26 17:20:00'),
(244, 35, '2025-03-27', '07:50:00', '17:20:00', 'dung_gio', 'dung_gio', 1, NULL, NULL, '2025-03-27 07:50:00', NULL, '2025-03-27 17:20:00'),
(245, 35, '2025-03-28', '07:45:00', '17:12:00', 'dung_gio', 'dung_gio', 1, NULL, NULL, '2025-03-28 07:45:00', NULL, '2025-03-28 17:12:00'),
(246, 35, '2025-03-29', '07:46:00', '17:17:00', 'dung_gio', 'dung_gio', 1, NULL, NULL, '2025-03-29 07:46:00', NULL, '2025-03-29 17:17:00'),
(247, 35, '2025-03-31', '07:49:00', '17:15:00', 'dung_gio', 'dung_gio', 1, NULL, NULL, '2025-03-31 07:49:00', NULL, '2025-03-31 17:15:00'),
(248, 35, '2025-04-01', '07:50:00', '17:17:00', 'dung_gio', 'dung_gio', 1, NULL, NULL, '2025-04-01 07:50:00', NULL, '2025-04-01 17:17:00'),
(249, 35, '2025-04-02', '07:55:00', '17:14:00', 'dung_gio', 'dung_gio', 1, NULL, NULL, '2025-04-02 07:55:00', NULL, '2025-04-02 17:14:00'),
(250, 35, '2025-04-03', '07:46:00', '17:12:00', 'dung_gio', 'dung_gio', 1, NULL, NULL, '2025-04-03 07:46:00', NULL, '2025-04-03 17:12:00'),
(251, 35, '2025-04-04', '07:55:00', '17:16:00', 'dung_gio', 'dung_gio', 1, NULL, NULL, '2025-04-04 07:55:00', NULL, '2025-04-04 17:16:00'),
(252, 35, '2025-04-05', '07:45:00', '17:19:00', 'dung_gio', 'dung_gio', 1, NULL, NULL, '2025-04-05 07:45:00', NULL, '2025-04-05 17:19:00'),
(253, 35, '2025-04-07', '07:50:00', '17:11:00', 'dung_gio', 'dung_gio', 1, NULL, NULL, '2025-04-07 07:50:00', NULL, '2025-04-07 17:11:00'),
(254, 35, '2025-04-08', '07:49:00', '17:12:00', 'dung_gio', 'dung_gio', 1, NULL, NULL, '2025-04-08 07:49:00', NULL, '2025-04-08 17:12:00'),
(255, 35, '2025-04-09', '07:54:00', '17:18:00', 'dung_gio', 'dung_gio', 1, NULL, NULL, '2025-04-09 07:54:00', NULL, '2025-04-09 17:18:00'),
(256, 35, '2025-04-10', '07:55:00', '17:12:00', 'dung_gio', 'dung_gio', 1, NULL, NULL, '2025-04-10 07:55:00', NULL, '2025-04-10 17:12:00'),
(257, 35, '2025-04-11', '07:49:00', '17:16:00', 'dung_gio', 'dung_gio', 1, NULL, NULL, '2025-04-11 07:49:00', NULL, '2025-04-11 17:16:00'),
(258, 35, '2025-04-12', '07:53:00', '17:15:00', 'dung_gio', 'dung_gio', 1, NULL, NULL, '2025-04-12 07:53:00', NULL, '2025-04-12 17:15:00'),
(259, 35, '2025-04-14', '07:52:00', '17:18:00', 'dung_gio', 'dung_gio', 1, NULL, NULL, '2025-04-14 07:52:00', NULL, '2025-04-14 17:18:00'),
(260, 35, '2025-04-15', '07:52:00', '17:14:00', 'dung_gio', 'dung_gio', 1, NULL, NULL, '2025-04-15 07:52:00', NULL, '2025-04-15 17:14:00'),
(261, 43, '2025-03-01', '07:46:00', '17:20:00', 'dung_gio', 'dung_gio', 1, NULL, NULL, '2025-03-01 07:46:00', NULL, '2025-03-01 17:20:00'),
(262, 43, '2025-03-03', '07:54:00', '17:15:00', 'dung_gio', 'dung_gio', 1, NULL, NULL, '2025-03-03 07:54:00', NULL, '2025-03-03 17:15:00'),
(263, 43, '2025-03-04', '07:48:00', '17:17:00', 'dung_gio', 'dung_gio', 1, NULL, NULL, '2025-03-04 07:48:00', NULL, '2025-03-04 17:17:00'),
(264, 43, '2025-03-05', '07:50:00', '17:12:00', 'dung_gio', 'dung_gio', 1, NULL, NULL, '2025-03-05 07:50:00', NULL, '2025-03-05 17:12:00'),
(265, 43, '2025-03-06', '07:49:00', '17:15:00', 'dung_gio', 'dung_gio', 1, NULL, NULL, '2025-03-06 07:49:00', NULL, '2025-03-06 17:15:00'),
(266, 43, '2025-03-07', '07:46:00', '17:19:00', 'dung_gio', 'dung_gio', 1, NULL, NULL, '2025-03-07 07:46:00', NULL, '2025-03-07 17:19:00'),
(267, 43, '2025-03-08', '07:47:00', '17:10:00', 'dung_gio', 'dung_gio', 1, NULL, NULL, '2025-03-08 07:47:00', NULL, '2025-03-08 17:10:00'),
(268, 43, '2025-03-10', '07:53:00', '17:19:00', 'dung_gio', 'dung_gio', 1, NULL, NULL, '2025-03-10 07:53:00', NULL, '2025-03-10 17:19:00'),
(269, 43, '2025-03-11', '07:45:00', '17:20:00', 'dung_gio', 'dung_gio', 1, NULL, NULL, '2025-03-11 07:45:00', NULL, '2025-03-11 17:20:00'),
(270, 43, '2025-03-12', '07:53:00', '17:20:00', 'dung_gio', 'dung_gio', 1, NULL, NULL, '2025-03-12 07:53:00', NULL, '2025-03-12 17:20:00'),
(271, 43, '2025-03-13', '07:52:00', '17:14:00', 'dung_gio', 'dung_gio', 1, NULL, NULL, '2025-03-13 07:52:00', NULL, '2025-03-13 17:14:00'),
(272, 43, '2025-03-14', '07:50:00', '17:11:00', 'dung_gio', 'dung_gio', 1, NULL, NULL, '2025-03-14 07:50:00', NULL, '2025-03-14 17:11:00'),
(273, 43, '2025-03-15', '07:49:00', '17:17:00', 'dung_gio', 'dung_gio', 1, NULL, NULL, '2025-03-15 07:49:00', NULL, '2025-03-15 17:17:00'),
(274, 43, '2025-03-17', '07:45:00', '17:10:00', 'dung_gio', 'dung_gio', 1, NULL, NULL, '2025-03-17 07:45:00', NULL, '2025-03-17 17:10:00'),
(275, 43, '2025-03-18', '07:48:00', '17:11:00', 'dung_gio', 'dung_gio', 1, NULL, NULL, '2025-03-18 07:48:00', NULL, '2025-03-18 17:11:00'),
(276, 43, '2025-03-19', '07:55:00', '17:17:00', 'dung_gio', 'dung_gio', 1, NULL, NULL, '2025-03-19 07:55:00', NULL, '2025-03-19 17:17:00'),
(277, 43, '2025-03-20', '07:45:00', '17:11:00', 'dung_gio', 'dung_gio', 1, NULL, NULL, '2025-03-20 07:45:00', NULL, '2025-03-20 17:11:00'),
(278, 43, '2025-03-21', '07:47:00', '17:12:00', 'dung_gio', 'dung_gio', 1, NULL, NULL, '2025-03-21 07:47:00', NULL, '2025-03-21 17:12:00'),
(279, 43, '2025-03-22', '07:47:00', '17:19:00', 'dung_gio', 'dung_gio', 1, NULL, NULL, '2025-03-22 07:47:00', NULL, '2025-03-22 17:19:00'),
(280, 43, '2025-03-24', '07:50:00', '17:15:00', 'dung_gio', 'dung_gio', 1, NULL, NULL, '2025-03-24 07:50:00', NULL, '2025-03-24 17:15:00'),
(281, 43, '2025-03-25', '07:50:00', '17:10:00', 'dung_gio', 'dung_gio', 1, NULL, NULL, '2025-03-25 07:50:00', NULL, '2025-03-25 17:10:00'),
(282, 43, '2025-03-26', '07:47:00', '17:20:00', 'dung_gio', 'dung_gio', 1, NULL, NULL, '2025-03-26 07:47:00', NULL, '2025-03-26 17:20:00'),
(283, 43, '2025-03-27', '07:50:00', '17:20:00', 'dung_gio', 'dung_gio', 1, NULL, NULL, '2025-03-27 07:50:00', NULL, '2025-03-27 17:20:00'),
(284, 43, '2025-03-28', '07:45:00', '17:12:00', 'dung_gio', 'dung_gio', 1, NULL, NULL, '2025-03-28 07:45:00', NULL, '2025-03-28 17:12:00'),
(285, 43, '2025-03-29', '07:46:00', '17:17:00', 'dung_gio', 'dung_gio', 1, NULL, NULL, '2025-03-29 07:46:00', NULL, '2025-03-29 17:17:00'),
(286, 43, '2025-03-31', '07:49:00', '17:15:00', 'dung_gio', 'dung_gio', 1, NULL, NULL, '2025-03-31 07:49:00', NULL, '2025-03-31 17:15:00'),
(287, 43, '2025-04-01', '07:50:00', '17:17:00', 'dung_gio', 'dung_gio', 1, NULL, NULL, '2025-04-01 07:50:00', NULL, '2025-04-01 17:17:00'),
(288, 43, '2025-04-02', '07:55:00', '17:14:00', 'dung_gio', 'dung_gio', 1, NULL, NULL, '2025-04-02 07:55:00', NULL, '2025-04-02 17:14:00'),
(289, 43, '2025-04-03', '07:46:00', '17:12:00', 'dung_gio', 'dung_gio', 1, NULL, NULL, '2025-04-03 07:46:00', NULL, '2025-04-03 17:12:00'),
(290, 43, '2025-04-04', '07:55:00', '17:16:00', 'dung_gio', 'dung_gio', 1, NULL, NULL, '2025-04-04 07:55:00', NULL, '2025-04-04 17:16:00'),
(291, 43, '2025-04-05', '07:45:00', '17:19:00', 'dung_gio', 'dung_gio', 1, NULL, NULL, '2025-04-05 07:45:00', NULL, '2025-04-05 17:19:00'),
(292, 43, '2025-04-07', '07:50:00', '17:11:00', 'dung_gio', 'dung_gio', 1, NULL, NULL, '2025-04-07 07:50:00', NULL, '2025-04-07 17:11:00'),
(293, 43, '2025-04-08', '07:49:00', '17:12:00', 'dung_gio', 'dung_gio', 1, NULL, NULL, '2025-04-08 07:49:00', NULL, '2025-04-08 17:12:00'),
(294, 43, '2025-04-09', '07:54:00', '17:18:00', 'dung_gio', 'dung_gio', 1, NULL, NULL, '2025-04-09 07:54:00', NULL, '2025-04-09 17:18:00'),
(295, 43, '2025-04-10', '07:55:00', '17:12:00', 'dung_gio', 'dung_gio', 1, NULL, NULL, '2025-04-10 07:55:00', NULL, '2025-04-10 17:12:00'),
(296, 43, '2025-04-11', '07:49:00', '16:16:00', 'dung_gio', '', 0, NULL, NULL, '2025-04-11 07:49:00', NULL, '2025-04-11 17:16:00'),
(297, 43, '2025-04-12', '07:53:00', '17:15:00', 'dung_gio', 'dung_gio', 1, NULL, NULL, '2025-04-12 07:53:00', NULL, '2025-04-12 17:15:00'),
(298, 43, '2025-04-14', '07:52:00', '17:18:00', 'dung_gio', 'dung_gio', 1, NULL, NULL, '2025-04-14 07:52:00', NULL, '2025-04-14 17:18:00'),
(299, 43, '2025-04-15', '07:52:00', '17:14:00', 'dung_gio', 'dung_gio', 1, NULL, NULL, '2025-04-15 07:52:00', NULL, '2025-04-15 17:14:00'),
(300, 39, '2025-03-01', '07:46:00', '17:20:00', 'dung_gio', 'dung_gio', 1, NULL, NULL, '2025-03-01 07:46:00', NULL, '2025-03-01 17:20:00'),
(301, 39, '2025-03-03', '07:54:00', '17:15:00', 'dung_gio', 'dung_gio', 1, NULL, NULL, '2025-03-03 07:54:00', NULL, '2025-03-03 17:15:00'),
(302, 39, '2025-03-04', '07:48:00', '17:17:00', 'dung_gio', 'dung_gio', 1, NULL, NULL, '2025-03-04 07:48:00', NULL, '2025-03-04 17:17:00'),
(303, 39, '2025-03-05', '07:50:00', '17:12:00', 'dung_gio', 'dung_gio', 1, NULL, NULL, '2025-03-05 07:50:00', NULL, '2025-03-05 17:12:00'),
(304, 39, '2025-03-06', '07:49:00', '17:15:00', 'dung_gio', 'dung_gio', 1, NULL, NULL, '2025-03-06 07:49:00', NULL, '2025-03-06 17:15:00'),
(305, 39, '2025-03-07', '07:46:00', '17:19:00', 'dung_gio', 'dung_gio', 1, NULL, NULL, '2025-03-07 07:46:00', NULL, '2025-03-07 17:19:00'),
(306, 39, '2025-03-08', '07:47:00', '17:10:00', 'dung_gio', 'dung_gio', 1, NULL, NULL, '2025-03-08 07:47:00', NULL, '2025-03-08 17:10:00'),
(307, 39, '2025-03-10', '07:53:00', '17:19:00', 'dung_gio', 'dung_gio', 1, NULL, NULL, '2025-03-10 07:53:00', NULL, '2025-03-10 17:19:00'),
(308, 39, '2025-03-11', '07:45:00', '17:20:00', 'dung_gio', 'dung_gio', 1, NULL, NULL, '2025-03-11 07:45:00', NULL, '2025-03-11 17:20:00'),
(309, 39, '2025-03-12', '07:53:00', '17:20:00', 'dung_gio', 'dung_gio', 1, NULL, NULL, '2025-03-12 07:53:00', NULL, '2025-03-12 17:20:00'),
(310, 39, '2025-03-13', '07:52:00', '17:14:00', 'dung_gio', 'dung_gio', 1, NULL, NULL, '2025-03-13 07:52:00', NULL, '2025-03-13 17:14:00'),
(311, 39, '2025-03-14', '07:50:00', '17:11:00', 'dung_gio', 'dung_gio', 1, NULL, NULL, '2025-03-14 07:50:00', NULL, '2025-03-14 17:11:00'),
(312, 39, '2025-03-15', '07:49:00', '17:17:00', 'dung_gio', 'dung_gio', 1, NULL, NULL, '2025-03-15 07:49:00', NULL, '2025-03-15 17:17:00'),
(313, 39, '2025-03-17', '07:45:00', '17:10:00', 'dung_gio', 'dung_gio', 1, NULL, NULL, '2025-03-17 07:45:00', NULL, '2025-03-17 17:10:00'),
(314, 39, '2025-03-18', '07:48:00', '17:11:00', 'dung_gio', 'dung_gio', 1, NULL, NULL, '2025-03-18 07:48:00', NULL, '2025-03-18 17:11:00'),
(315, 39, '2025-03-19', '07:55:00', '17:17:00', 'dung_gio', 'dung_gio', 1, NULL, NULL, '2025-03-19 07:55:00', NULL, '2025-03-19 17:17:00'),
(316, 39, '2025-03-20', '07:45:00', '17:11:00', 'dung_gio', 'dung_gio', 1, NULL, NULL, '2025-03-20 07:45:00', NULL, '2025-03-20 17:11:00'),
(317, 39, '2025-03-21', '07:47:00', '17:12:00', 'dung_gio', 'dung_gio', 1, NULL, NULL, '2025-03-21 07:47:00', NULL, '2025-03-21 17:12:00'),
(318, 39, '2025-03-22', '07:47:00', '17:19:00', 'dung_gio', 'dung_gio', 1, NULL, NULL, '2025-03-22 07:47:00', NULL, '2025-03-22 17:19:00'),
(319, 39, '2025-03-24', '07:50:00', '17:15:00', 'dung_gio', 'dung_gio', 1, NULL, NULL, '2025-03-24 07:50:00', NULL, '2025-03-24 17:15:00'),
(320, 39, '2025-03-25', '07:50:00', '17:10:00', 'dung_gio', 'dung_gio', 1, NULL, NULL, '2025-03-25 07:50:00', NULL, '2025-03-25 17:10:00'),
(321, 39, '2025-03-26', '07:47:00', '17:20:00', 'dung_gio', 'dung_gio', 1, NULL, NULL, '2025-03-26 07:47:00', NULL, '2025-03-26 17:20:00'),
(322, 39, '2025-03-27', '07:50:00', '17:20:00', 'dung_gio', 'dung_gio', 1, NULL, NULL, '2025-03-27 07:50:00', NULL, '2025-03-27 17:20:00'),
(323, 39, '2025-03-28', '07:45:00', '17:12:00', 'dung_gio', 'dung_gio', 1, NULL, NULL, '2025-03-28 07:45:00', NULL, '2025-03-28 17:12:00'),
(324, 39, '2025-03-29', '07:46:00', '17:17:00', 'dung_gio', 'dung_gio', 1, NULL, NULL, '2025-03-29 07:46:00', NULL, '2025-03-29 17:17:00'),
(325, 39, '2025-03-31', '07:49:00', '17:15:00', 'dung_gio', 'dung_gio', 1, NULL, NULL, '2025-03-31 07:49:00', NULL, '2025-03-31 17:15:00'),
(326, 39, '2025-04-01', '07:50:00', '17:17:00', 'dung_gio', 'dung_gio', 1, NULL, NULL, '2025-04-01 07:50:00', NULL, '2025-04-01 17:17:00'),
(327, 39, '2025-04-02', '07:55:00', '17:14:00', 'dung_gio', 'dung_gio', 1, NULL, NULL, '2025-04-02 07:55:00', NULL, '2025-04-02 17:14:00'),
(328, 39, '2025-04-03', '07:46:00', '17:12:00', 'dung_gio', 'dung_gio', 1, NULL, NULL, '2025-04-03 07:46:00', NULL, '2025-04-03 17:12:00'),
(329, 39, '2025-04-04', '07:55:00', '17:16:00', 'dung_gio', 'dung_gio', 1, NULL, NULL, '2025-04-04 07:55:00', NULL, '2025-04-04 17:16:00'),
(330, 39, '2025-04-05', '07:45:00', '17:19:00', 'dung_gio', 'dung_gio', 1, NULL, NULL, '2025-04-05 07:45:00', NULL, '2025-04-05 17:19:00'),
(331, 39, '2025-04-07', '07:50:00', '17:11:00', 'dung_gio', 'dung_gio', 1, NULL, NULL, '2025-04-07 07:50:00', NULL, '2025-04-07 17:11:00'),
(332, 39, '2025-04-08', '07:49:00', '17:12:00', 'dung_gio', 'dung_gio', 1, NULL, NULL, '2025-04-08 07:49:00', NULL, '2025-04-08 17:12:00'),
(333, 39, '2025-04-09', '07:54:00', '17:18:00', 'dung_gio', 'dung_gio', 1, NULL, NULL, '2025-04-09 07:54:00', NULL, '2025-04-09 17:18:00'),
(334, 39, '2025-04-10', '07:55:00', '17:12:00', 'dung_gio', 'dung_gio', 1, NULL, NULL, '2025-04-10 07:55:00', NULL, '2025-04-10 17:12:00'),
(335, 39, '2025-04-11', '07:49:00', '17:16:00', 'dung_gio', 'dung_gio', 1, NULL, NULL, '2025-04-11 07:49:00', NULL, '2025-04-11 17:16:00'),
(336, 39, '2025-04-12', '07:53:00', '17:15:00', 'dung_gio', 'dung_gio', 1, NULL, NULL, '2025-04-12 07:53:00', NULL, '2025-04-12 17:15:00'),
(337, 39, '2025-04-14', '07:52:00', '17:18:00', 'dung_gio', 'dung_gio', 1, NULL, NULL, '2025-04-14 07:52:00', NULL, '2025-04-14 17:18:00'),
(338, 39, '2025-04-15', '07:52:00', '17:14:00', 'dung_gio', 'dung_gio', 1, NULL, NULL, '2025-04-15 07:52:00', NULL, '2025-04-15 17:14:00'),
(339, 44, '2025-03-01', '07:46:00', '17:20:00', 'dung_gio', 'dung_gio', 1, NULL, NULL, '2025-03-01 07:46:00', NULL, '2025-03-01 17:20:00'),
(340, 44, '2025-03-03', '07:54:00', '17:15:00', 'dung_gio', 'dung_gio', 1, NULL, NULL, '2025-03-03 07:54:00', NULL, '2025-03-03 17:15:00'),
(341, 44, '2025-03-04', '07:48:00', '17:17:00', 'dung_gio', 'dung_gio', 1, NULL, NULL, '2025-03-04 07:48:00', NULL, '2025-03-04 17:17:00'),
(342, 44, '2025-03-05', '07:50:00', '17:12:00', 'dung_gio', 'dung_gio', 1, NULL, NULL, '2025-03-05 07:50:00', NULL, '2025-03-05 17:12:00'),
(343, 44, '2025-03-06', '07:49:00', '17:15:00', 'dung_gio', 'dung_gio', 1, NULL, NULL, '2025-03-06 07:49:00', NULL, '2025-03-06 17:15:00'),
(344, 44, '2025-03-07', '07:46:00', '17:19:00', 'dung_gio', 'dung_gio', 1, NULL, NULL, '2025-03-07 07:46:00', NULL, '2025-03-07 17:19:00'),
(345, 44, '2025-03-08', '07:47:00', '17:10:00', 'dung_gio', 'dung_gio', 1, NULL, NULL, '2025-03-08 07:47:00', NULL, '2025-03-08 17:10:00'),
(346, 44, '2025-03-10', '07:53:00', '17:19:00', 'dung_gio', 'dung_gio', 1, NULL, NULL, '2025-03-10 07:53:00', NULL, '2025-03-10 17:19:00'),
(347, 44, '2025-03-11', '07:45:00', '17:20:00', 'dung_gio', 'dung_gio', 1, NULL, NULL, '2025-03-11 07:45:00', NULL, '2025-03-11 17:20:00'),
(348, 44, '2025-03-12', '07:53:00', '17:20:00', 'dung_gio', 'dung_gio', 1, NULL, NULL, '2025-03-12 07:53:00', NULL, '2025-03-12 17:20:00'),
(349, 44, '2025-03-13', '07:52:00', '17:14:00', 'dung_gio', 'dung_gio', 1, NULL, NULL, '2025-03-13 07:52:00', NULL, '2025-03-13 17:14:00'),
(350, 44, '2025-03-14', '07:50:00', '17:11:00', 'dung_gio', 'dung_gio', 1, NULL, NULL, '2025-03-14 07:50:00', NULL, '2025-03-14 17:11:00'),
(351, 44, '2025-03-15', '07:49:00', '17:17:00', 'dung_gio', 'dung_gio', 1, NULL, NULL, '2025-03-15 07:49:00', NULL, '2025-03-15 17:17:00'),
(352, 44, '2025-03-17', '07:45:00', '17:10:00', 'dung_gio', 'dung_gio', 1, NULL, NULL, '2025-03-17 07:45:00', NULL, '2025-03-17 17:10:00'),
(353, 44, '2025-03-18', '07:48:00', '17:11:00', 'dung_gio', 'dung_gio', 1, NULL, NULL, '2025-03-18 07:48:00', NULL, '2025-03-18 17:11:00'),
(354, 44, '2025-03-19', '07:55:00', '17:17:00', 'dung_gio', 'dung_gio', 1, NULL, NULL, '2025-03-19 07:55:00', NULL, '2025-03-19 17:17:00'),
(355, 44, '2025-03-20', '07:45:00', '17:11:00', 'dung_gio', 'dung_gio', 1, NULL, NULL, '2025-03-20 07:45:00', NULL, '2025-03-20 17:11:00'),
(356, 44, '2025-03-21', '07:47:00', '17:12:00', 'dung_gio', 'dung_gio', 1, NULL, NULL, '2025-03-21 07:47:00', NULL, '2025-03-21 17:12:00'),
(357, 44, '2025-03-22', '07:47:00', '17:19:00', 'dung_gio', 'dung_gio', 1, NULL, NULL, '2025-03-22 07:47:00', NULL, '2025-03-22 17:19:00'),
(358, 44, '2025-03-24', '07:50:00', '17:15:00', 'dung_gio', 'dung_gio', 1, NULL, NULL, '2025-03-24 07:50:00', NULL, '2025-03-24 17:15:00'),
(359, 44, '2025-03-25', '07:50:00', '17:10:00', 'dung_gio', 'dung_gio', 1, NULL, NULL, '2025-03-25 07:50:00', NULL, '2025-03-25 17:10:00'),
(360, 44, '2025-03-26', '07:47:00', '17:20:00', 'dung_gio', 'dung_gio', 1, NULL, NULL, '2025-03-26 07:47:00', NULL, '2025-03-26 17:20:00'),
(361, 44, '2025-03-27', '07:50:00', '17:20:00', 'dung_gio', 'dung_gio', 1, NULL, NULL, '2025-03-27 07:50:00', NULL, '2025-03-27 17:20:00'),
(362, 44, '2025-03-28', '07:45:00', '17:12:00', 'dung_gio', 'dung_gio', 1, NULL, NULL, '2025-03-28 07:45:00', NULL, '2025-03-28 17:12:00'),
(363, 44, '2025-03-29', '07:46:00', '17:17:00', 'dung_gio', 'dung_gio', 1, NULL, NULL, '2025-03-29 07:46:00', NULL, '2025-03-29 17:17:00'),
(364, 44, '2025-03-31', '07:49:00', '17:15:00', 'dung_gio', 'dung_gio', 1, NULL, NULL, '2025-03-31 07:49:00', NULL, '2025-03-31 17:15:00'),
(365, 44, '2025-04-01', '07:50:00', '17:17:00', 'dung_gio', 'dung_gio', 1, NULL, NULL, '2025-04-01 07:50:00', NULL, '2025-04-01 17:17:00'),
(366, 44, '2025-04-02', '07:55:00', '17:14:00', 'dung_gio', 'dung_gio', 1, NULL, NULL, '2025-04-02 07:55:00', NULL, '2025-04-02 17:14:00'),
(367, 44, '2025-04-03', '07:46:00', '17:12:00', 'dung_gio', 'dung_gio', 1, NULL, NULL, '2025-04-03 07:46:00', NULL, '2025-04-03 17:12:00'),
(368, 44, '2025-04-04', '07:55:00', '17:16:00', 'dung_gio', 'dung_gio', 1, NULL, NULL, '2025-04-04 07:55:00', NULL, '2025-04-04 17:16:00'),
(369, 44, '2025-04-05', '07:45:00', '17:19:00', 'dung_gio', 'dung_gio', 1, NULL, NULL, '2025-04-05 07:45:00', NULL, '2025-04-05 17:19:00'),
(370, 44, '2025-04-07', '07:50:00', '17:11:00', 'dung_gio', 'dung_gio', 1, NULL, NULL, '2025-04-07 07:50:00', NULL, '2025-04-07 17:11:00'),
(371, 44, '2025-04-08', '07:49:00', '17:12:00', 'dung_gio', 'dung_gio', 1, NULL, NULL, '2025-04-08 07:49:00', NULL, '2025-04-08 17:12:00'),
(372, 44, '2025-04-09', '07:54:00', '17:18:00', 'dung_gio', 'dung_gio', 1, NULL, NULL, '2025-04-09 07:54:00', NULL, '2025-04-09 17:18:00'),
(373, 44, '2025-04-10', '07:55:00', '17:12:00', 'dung_gio', 'dung_gio', 1, NULL, NULL, '2025-04-10 07:55:00', NULL, '2025-04-10 17:12:00'),
(374, 44, '2025-04-11', '07:49:00', '17:16:00', 'dung_gio', 'dung_gio', 1, NULL, NULL, '2025-04-11 07:49:00', NULL, '2025-04-11 17:16:00'),
(375, 44, '2025-04-12', '07:53:00', '17:15:00', 'dung_gio', 'dung_gio', 1, NULL, NULL, '2025-04-12 07:53:00', NULL, '2025-04-12 17:15:00');
INSERT INTO `cham_cong` (`id`, `nhanvien_id`, `ngay`, `gio_vao`, `gio_ra`, `trang_thai_vao`, `trang_thai_ra`, `hop_le`, `ghi_chu`, `nguoi_tao`, `ngay_tao`, `nguoi_sua`, `ngay_sua`) VALUES
(376, 44, '2025-04-14', '07:52:00', '17:18:00', 'dung_gio', 'dung_gio', 1, NULL, NULL, '2025-04-14 07:52:00', NULL, '2025-04-14 17:18:00'),
(377, 44, '2025-04-15', '07:52:00', '17:14:00', 'dung_gio', 'dung_gio', 1, NULL, NULL, '2025-04-15 07:52:00', NULL, '2025-04-15 17:14:00'),
(378, 37, '2025-03-01', '07:46:00', '17:20:00', 'dung_gio', 'dung_gio', 1, NULL, NULL, '2025-03-01 07:46:00', NULL, '2025-03-01 17:20:00'),
(379, 37, '2025-03-03', '07:54:00', '17:15:00', 'dung_gio', 'dung_gio', 1, NULL, NULL, '2025-03-03 07:54:00', NULL, '2025-03-03 17:15:00'),
(380, 37, '2025-03-04', '07:48:00', '17:17:00', 'dung_gio', 'dung_gio', 1, NULL, NULL, '2025-03-04 07:48:00', NULL, '2025-03-04 17:17:00'),
(381, 37, '2025-03-05', '07:50:00', '17:12:00', 'dung_gio', 'dung_gio', 1, NULL, NULL, '2025-03-05 07:50:00', NULL, '2025-03-05 17:12:00'),
(382, 37, '2025-03-06', '08:49:00', '17:15:00', 'tre', 'dung_gio', 0, NULL, NULL, '2025-03-06 07:49:00', NULL, '2025-03-06 17:15:00'),
(383, 37, '2025-03-07', '07:46:00', '17:19:00', 'dung_gio', 'dung_gio', 1, NULL, NULL, '2025-03-07 07:46:00', NULL, '2025-03-07 17:19:00'),
(384, 37, '2025-03-08', '07:47:00', '17:10:00', 'dung_gio', 'dung_gio', 1, NULL, NULL, '2025-03-08 07:47:00', NULL, '2025-03-08 17:10:00'),
(385, 37, '2025-03-10', '07:53:00', '17:19:00', 'dung_gio', 'dung_gio', 1, NULL, NULL, '2025-03-10 07:53:00', NULL, '2025-03-10 17:19:00'),
(386, 37, '2025-03-11', '07:45:00', '17:20:00', 'dung_gio', 'dung_gio', 1, NULL, NULL, '2025-03-11 07:45:00', NULL, '2025-03-11 17:20:00'),
(387, 37, '2025-03-12', '07:53:00', '17:20:00', 'dung_gio', 'dung_gio', 1, NULL, NULL, '2025-03-12 07:53:00', NULL, '2025-03-12 17:20:00'),
(388, 37, '2025-03-13', '08:49:00', '17:15:00', 'tre', 'dung_gio', 0, NULL, NULL, '2025-03-13 07:52:00', NULL, '2025-03-13 17:14:00'),
(389, 37, '2025-03-14', '07:50:00', '17:11:00', 'dung_gio', 'dung_gio', 1, NULL, NULL, '2025-03-14 07:50:00', NULL, '2025-03-14 17:11:00'),
(390, 37, '2025-03-15', '07:49:00', '17:17:00', 'dung_gio', 'dung_gio', 1, NULL, NULL, '2025-03-15 07:49:00', NULL, '2025-03-15 17:17:00'),
(391, 37, '2025-03-17', '07:45:00', '17:10:00', 'dung_gio', 'dung_gio', 1, NULL, NULL, '2025-03-17 07:45:00', NULL, '2025-03-17 17:10:00'),
(392, 37, '2025-03-18', '08:49:00', '17:15:00', 'tre', 'dung_gio', 0, NULL, NULL, '2025-03-18 07:48:00', NULL, '2025-03-18 17:11:00'),
(393, 37, '2025-03-19', '07:55:00', '17:17:00', 'dung_gio', 'dung_gio', 1, NULL, NULL, '2025-03-19 07:55:00', NULL, '2025-03-19 17:17:00'),
(394, 37, '2025-03-20', '07:45:00', '17:11:00', 'dung_gio', 'dung_gio', 1, NULL, NULL, '2025-03-20 07:45:00', NULL, '2025-03-20 17:11:00'),
(395, 37, '2025-03-21', '08:49:00', '17:15:00', 'tre', 'dung_gio', 0, NULL, NULL, '2025-03-21 07:47:00', NULL, '2025-03-21 17:12:00'),
(396, 37, '2025-03-22', '07:47:00', '17:19:00', 'dung_gio', 'dung_gio', 1, NULL, NULL, '2025-03-22 07:47:00', NULL, '2025-03-22 17:19:00'),
(397, 37, '2025-03-24', '07:50:00', '17:15:00', 'dung_gio', 'dung_gio', 1, NULL, NULL, '2025-03-24 07:50:00', NULL, '2025-03-24 17:15:00'),
(398, 37, '2025-03-25', '08:49:00', '17:15:00', 'tre', 'dung_gio', 0, NULL, NULL, '2025-03-25 07:50:00', NULL, '2025-03-25 17:10:00'),
(399, 37, '2025-03-26', '07:47:00', '17:20:00', 'dung_gio', 'dung_gio', 1, NULL, NULL, '2025-03-26 07:47:00', NULL, '2025-03-26 17:20:00'),
(400, 37, '2025-03-27', '07:50:00', '17:20:00', 'dung_gio', 'dung_gio', 1, NULL, NULL, '2025-03-27 07:50:00', NULL, '2025-03-27 17:20:00'),
(401, 37, '2025-03-28', '07:45:00', '17:12:00', 'dung_gio', 'dung_gio', 1, NULL, NULL, '2025-03-28 07:45:00', NULL, '2025-03-28 17:12:00'),
(402, 37, '2025-03-29', '07:46:00', '17:17:00', 'dung_gio', 'dung_gio', 1, NULL, NULL, '2025-03-29 07:46:00', NULL, '2025-03-29 17:17:00'),
(403, 37, '2025-03-31', '08:49:00', '17:15:00', 'tre', 'dung_gio', 0, NULL, NULL, '2025-03-31 07:49:00', NULL, '2025-03-31 17:15:00'),
(404, 37, '2025-04-01', '07:50:00', '17:17:00', 'dung_gio', 'dung_gio', 1, NULL, NULL, '2025-04-01 07:50:00', NULL, '2025-04-01 17:17:00'),
(405, 37, '2025-04-02', '07:55:00', '17:14:00', 'dung_gio', 'dung_gio', 1, NULL, NULL, '2025-04-02 07:55:00', NULL, '2025-04-02 17:14:00'),
(406, 37, '2025-04-03', '08:49:00', '17:15:00', 'tre', 'dung_gio', 0, NULL, NULL, '2025-04-03 07:46:00', NULL, '2025-04-17 04:57:25'),
(407, 37, '2025-04-04', '07:55:00', '17:16:00', 'dung_gio', 'dung_gio', 1, NULL, NULL, '2025-04-04 07:55:00', NULL, '2025-04-04 17:16:00'),
(408, 37, '2025-04-05', '07:45:00', '17:19:00', 'dung_gio', 'dung_gio', 1, NULL, NULL, '2025-04-05 07:45:00', NULL, '2025-04-05 17:19:00'),
(409, 37, '2025-04-07', '07:50:00', '17:11:00', 'dung_gio', 'dung_gio', 1, NULL, NULL, '2025-04-07 07:50:00', NULL, '2025-04-07 17:11:00'),
(410, 37, '2025-04-08', '08:49:00', '17:15:00', 'tre', 'dung_gio', 1, NULL, NULL, '2025-04-08 07:49:00', NULL, '2025-04-17 04:27:36'),
(411, 37, '2025-04-09', '07:54:00', '17:18:00', 'dung_gio', 'dung_gio', 1, NULL, NULL, '2025-04-09 07:54:00', NULL, '2025-04-09 17:18:00'),
(412, 37, '2025-04-10', '07:55:00', '17:12:00', 'dung_gio', 'dung_gio', 1, NULL, NULL, '2025-04-10 07:55:00', NULL, '2025-04-10 17:12:00'),
(413, 37, '2025-04-11', '07:49:00', '17:16:00', 'dung_gio', 'dung_gio', 1, NULL, NULL, '2025-04-11 07:49:00', NULL, '2025-04-11 17:16:00'),
(414, 37, '2025-04-12', '08:49:00', '17:15:00', 'tre', 'dung_gio', 0, NULL, NULL, '2025-04-12 07:53:00', NULL, '2025-04-12 17:15:00'),
(415, 37, '2025-04-14', '07:52:00', '17:18:00', 'dung_gio', 'dung_gio', 1, NULL, NULL, '2025-04-14 07:52:00', NULL, '2025-04-14 17:18:00'),
(416, 37, '2025-04-15', '07:52:00', '17:14:00', 'dung_gio', 'dung_gio', 1, NULL, NULL, '2025-04-15 07:52:00', NULL, '2025-04-15 17:14:00'),
(418, 35, '2025-04-17', '19:49:17', NULL, 'tre', 'khong_du_lieu', 0, NULL, NULL, '2025-04-17 19:49:17', NULL, '2025-04-17 19:49:17');

-- --------------------------------------------------------

--
-- Table structure for table `chinh_luong`
--

CREATE TABLE `chinh_luong` (
  `id` int(11) NOT NULL,
  `nhanvien_id` int(11) NOT NULL,
  `so_qd` varchar(50) NOT NULL,
  `ngay_ky_ket` datetime NOT NULL,
  `ngay_dieu_chinh` datetime NOT NULL,
  `heso_luong_cu` double NOT NULL,
  `heso_luong_moi` double NOT NULL,
  `nguoi_tao_id` int(11) NOT NULL,
  `ngay_tao` datetime NOT NULL,
  `nguoi_sua_id` int(11) NOT NULL,
  `ngay_sua` datetime NOT NULL
) ENGINE=InnoDB DEFAULT CHARSET=utf8 COLLATE=utf8_unicode_ci;

-- --------------------------------------------------------

--
-- Table structure for table `chi_tiet_nhom`
--

CREATE TABLE `chi_tiet_nhom` (
  `id` int(11) NOT NULL,
  `ma_nhom` varchar(50) NOT NULL,
  `nhan_vien_id` int(11) NOT NULL,
  `nguoi_tao` varchar(50) NOT NULL,
  `ngay_tao` datetime NOT NULL
) ENGINE=InnoDB DEFAULT CHARSET=utf8 COLLATE=utf8_unicode_ci;

--
-- Dumping data for table `chi_tiet_nhom`
--

INSERT INTO `chi_tiet_nhom` (`id`, `ma_nhom`, `nhan_vien_id`, `nguoi_tao`, `ngay_tao`) VALUES
(26, 'GRP1571110790', 44, 'KaAdmin', '2025-04-16 21:19:53'),
(27, 'GRP1571110790', 42, 'KaAdmin', '2025-04-16 21:20:01'),
(28, 'GRP1571110790', 35, 'KaAdmin', '2025-04-16 21:20:09'),
(29, 'GRP1744813217', 34, 'KaAdmin', '2025-04-16 21:20:48'),
(30, 'GRP1744813217', 38, 'KaAdmin', '2025-04-16 21:21:41'),
(31, 'GRP1744813217', 39, 'KaAdmin', '2025-04-16 21:21:55'),
(32, 'GRP1744813217', 40, 'KaAdmin', '2025-04-16 21:22:26'),
(33, 'GRP1744813217', 35, 'KaAdmin', '2025-04-16 21:22:57');

-- --------------------------------------------------------

--
-- Table structure for table `chuc_vu`
--

CREATE TABLE `chuc_vu` (
  `id` int(11) NOT NULL,
  `ma_chuc_vu` varchar(50) NOT NULL,
  `ten_chuc_vu` varchar(255) NOT NULL,
  `luong_ngay` double NOT NULL,
  `ghi_chu` varchar(255) NOT NULL,
  `nguoi_tao` varchar(50) NOT NULL,
  `ngay_tao` datetime NOT NULL,
  `nguoi_sua` varchar(50) NOT NULL,
  `ngay_sua` datetime NOT NULL
) ENGINE=InnoDB DEFAULT CHARSET=utf8 COLLATE=utf8_unicode_ci;

--
-- Dumping data for table `chuc_vu`
--

INSERT INTO `chuc_vu` (`id`, `ma_chuc_vu`, `ten_chuc_vu`, `luong_ngay`, `ghi_chu`, `nguoi_tao`, `ngay_tao`, `nguoi_sua`, `ngay_sua`) VALUES
(16, 'MCV1569203762', 'Phó giám đốc', 560000, 'Hỗ trợ giám đốc, giám sát phòng ban cấp cao', 'Ka Admin', '2025-04-16 19:28:07', 'Ka Admin', '2025-04-16 19:28:07'),
(17, 'MCV1569203773', 'Giám đốc', 600000, 'Điều hành toàn bộ hoạt động doanh nghiệp, phê duyệt chiến lược', 'Ka Admin', '2025-04-16 19:28:07', 'Ka Admin', '2025-04-16 19:28:07'),
(33, 'MCV1569204007', 'Nhân viên', 230000, 'Thực hiện các nhiệm vụ được giao trong phòng ban', 'Ka Admin', '2025-04-16 19:28:07', 'Ka Admin', '2025-04-16 19:28:07'),
(37, 'MCV1569985216', 'Trưởng phòng', 310000, 'Quản lý toàn bộ nhân sự và công việc của phòng ban', 'Ka Admin', '2025-04-16 19:28:07', 'Ka Admin', '2025-04-16 19:28:07'),
(38, 'MCV1569985261', 'Phó phòng', 280000, 'Hỗ trợ trưởng phòng, chịu trách nhiệm xử lý nghiệp vụ', 'Ka Admin', '2025-04-16 19:28:07', 'Ka Admin', '2025-04-16 19:28:07'),
(39, 'MCV1571105797', 'Marketing', 285000, 'Quảng bá, kêu gọi khách hàng tham gia chương trình', 'Ka Admin', '2025-04-16 19:28:07', 'Ka Admin', '2025-04-16 19:28:07'),
(40, 'MCV2025041601', 'Trợ lý giám đốc', 350000, 'Hỗ trợ giám đốc điều phối công việc và lịch trình', 'Ka Admin', '2025-04-16 19:28:07', 'Ka Admin', '2025-04-16 19:28:07'),
(41, 'MCV2025041602', 'Nhân viên part-time', 180000, 'Làm việc theo ca linh hoạt, bán thời gian', 'Ka Admin', '2025-04-16 19:28:07', 'Ka Admin', '2025-04-16 19:28:07'),
(42, 'MCV2025041603', 'Thực tập sinh', 120000, 'Làm việc học hỏi trong môi trường thực tế', 'Ka Admin', '2025-04-16 19:28:07', 'Ka Admin', '2025-04-16 19:28:07'),
(43, 'MCV2025041604', 'Cộng tác viên', 150000, 'Hỗ trợ công việc tạm thời theo dự án', 'Ka Admin', '2025-04-16 19:28:07', 'Ka Admin', '2025-04-16 19:28:07'),
(44, 'MCV2025041605', 'Kế toán', 280000, 'Ghi chép và xử lý dữ liệu tài chính, lập báo cáo', 'Ka Admin', '2025-04-16 19:28:07', 'Ka Admin', '2025-04-16 19:28:07');

-- --------------------------------------------------------

--
-- Table structure for table `chuyen_can`
--

CREATE TABLE `chuyen_can` (
  `id` int(11) NOT NULL,
  `nhanvien_id` int(11) NOT NULL,
  `thang` int(11) NOT NULL,
  `nam` int(11) NOT NULL,
  `so_buoi_hop_le` decimal(5,1) DEFAULT 0.0,
  `so_ngay_nghi` decimal(5,1) DEFAULT 0.0,
  `so_lan_di_tre` int(11) DEFAULT 0,
  `so_lan_ve_som` int(11) DEFAULT 0,
  `ty_le_chuyen_can` decimal(5,2) DEFAULT 0.00,
  `nguoi_tao` varchar(50) DEFAULT NULL,
  `ngay_tao` datetime DEFAULT current_timestamp(),
  `nguoi_sua` varchar(50) DEFAULT NULL,
  `ngay_sua` datetime DEFAULT current_timestamp() ON UPDATE current_timestamp()
) ENGINE=InnoDB DEFAULT CHARSET=utf8 COLLATE=utf8_unicode_ci;

--
-- Dumping data for table `chuyen_can`
--

INSERT INTO `chuyen_can` (`id`, `nhanvien_id`, `thang`, `nam`, `so_buoi_hop_le`, `so_ngay_nghi`, `so_lan_di_tre`, `so_lan_ve_som`, `ty_le_chuyen_can`, `nguoi_tao`, `ngay_tao`, `nguoi_sua`, `ngay_sua`) VALUES
(6, 42, 4, 2025, 1.0, 0.0, 0, 0, 0.00, NULL, '2025-04-16 22:04:03', NULL, '2025-04-16 22:04:03'),
(7, 44, 4, 2025, 1.0, 0.0, 0, 0, 0.00, NULL, '2025-04-16 22:04:15', NULL, '2025-04-16 22:04:15'),
(8, 39, 4, 2025, 1.0, 0.0, 0, 0, 0.00, NULL, '2025-04-16 22:04:31', NULL, '2025-04-16 22:04:31'),
(9, 38, 4, 2025, 1.0, 0.0, 0, 0, 0.00, NULL, '2025-04-16 22:04:41', NULL, '2025-04-16 22:04:41'),
(10, 35, 4, 2025, 1.0, 0.0, 0, 0, 0.00, NULL, '2025-04-16 22:04:53', NULL, '2025-04-16 22:04:53'),
(11, 37, 4, 2025, 2.0, 0.0, 0, 0, 0.00, NULL, '2025-04-16 22:05:06', NULL, '2025-04-16 23:57:19'),
(12, 36, 4, 2025, 1.0, 0.0, 0, 0, 0.00, NULL, '2025-04-16 22:05:22', NULL, '2025-04-16 22:05:22'),
(13, 41, 4, 2025, 1.0, 0.0, 0, 0, 0.00, NULL, '2025-04-16 22:05:35', NULL, '2025-04-16 22:05:35'),
(14, 43, 4, 2025, 1.0, 0.0, 0, 0, 0.00, NULL, '2025-04-16 22:05:49', NULL, '2025-04-16 22:05:49'),
(15, 40, 4, 2025, 1.0, 0.0, 0, 0, 0.00, NULL, '2025-04-16 22:05:58', NULL, '2025-04-16 22:05:58'),
(16, 34, 4, 2025, 1.0, 0.0, 0, 0, 0.00, NULL, '2025-04-16 22:06:12', NULL, '2025-04-16 22:06:12');

-- --------------------------------------------------------

--
-- Table structure for table `chuyen_mon`
--

CREATE TABLE `chuyen_mon` (
  `id` int(11) NOT NULL,
  `ma_chuyen_mon` varchar(50) NOT NULL,
  `ten_chuyen_mon` varchar(255) NOT NULL,
  `ghi_chu` varchar(255) NOT NULL,
  `nguoi_tao` varchar(50) NOT NULL,
  `ngay_tao` datetime NOT NULL,
  `nguoi_sua` varchar(50) NOT NULL,
  `ngay_sua` datetime NOT NULL
) ENGINE=InnoDB DEFAULT CHARSET=utf8 COLLATE=utf8_unicode_ci;

--
-- Dumping data for table `chuyen_mon`
--

INSERT INTO `chuyen_mon` (`id`, `ma_chuyen_mon`, `ten_chuyen_mon`, `ghi_chu`, `nguoi_tao`, `ngay_tao`, `nguoi_sua`, `ngay_sua`) VALUES
(0, 'MCM1569664640', 'Không', 'Không có chuyên môn cụ thể', 'Ka Admin', '2025-04-16 19:37:39', 'Ka Admin', '2025-04-16 19:37:39'),
(2, 'MCM1569208526', 'Kế toán', 'Xử lý chứng từ, sổ sách, báo cáo tài chính', 'Ka Admin', '2025-04-16 19:37:39', 'Ka Admin', '2025-04-16 19:37:39'),
(3, 'MCM1569208539', 'Công nghệ thông tin', 'Lập trình, quản trị mạng, phát triển phần mềm', 'Ka Admin', '2025-04-16 19:37:39', 'Ka Admin', '2025-04-16 19:37:39'),
(4, 'MCM1569208553', 'Quản trị nhà hàng - khách sạn', 'Tổ chức, phục vụ, quản lý dịch vụ lưu trú', 'Ka Admin', '2025-04-16 19:37:39', 'Ka Admin', '2025-04-16 19:37:39'),
(5, 'MCM1569208562', 'Tiếp tân', 'Hỗ trợ lễ tân, đón khách, tổng đài', 'Ka Admin', '2025-04-16 19:37:39', 'Ka Admin', '2025-04-16 19:37:39'),
(6, 'MCM1569208577', 'Sale', 'Bán hàng, tư vấn, chăm sóc khách hàng', 'Ka Admin', '2025-04-16 19:37:39', 'Ka Admin', '2025-04-16 19:37:39'),
(7, 'MCM1569208618', 'Hành chính văn phòng', 'Soạn thảo, lưu trữ hồ sơ, hành chính nhân sự', 'Ka Admin', '2025-04-16 19:37:39', 'Ka Admin', '2025-04-16 19:37:39'),
(8, 'MCM1569208631', 'Quản lý chất lượng', 'Giám sát, đánh giá chất lượng sản phẩm, dịch vụ', 'Ka Admin', '2025-04-16 19:37:39', 'Ka Admin', '2025-04-16 19:37:39'),
(9, 'MCM1569208648', 'Thương mại điện tử', 'Kinh doanh online, vận hành hệ thống eCommerce', 'Ka Admin', '2025-04-16 19:37:39', 'Ka Admin', '2025-04-16 19:37:39'),
(10, 'MCM1569208673', 'Tài chính', 'Phân tích tài chính, ngân sách, đầu tư', 'Ka Admin', '2025-04-16 19:37:39', 'Ka Admin', '2025-04-16 19:37:39'),
(11, 'MCM1569208680', 'Quản lý', 'Điều hành bộ phận, quản lý con người và quy trình', 'Ka Admin', '2025-04-16 19:37:39', 'Ka Admin', '2025-04-16 19:37:39'),
(12, 'MCM1569208698', 'Maketing', 'Lên kế hoạch, triển khai truyền thông & quảng bá', 'Ka Admin', '2025-04-16 19:37:39', 'Ka Admin', '2025-04-16 19:37:39'),
(13, 'MCM1569208705', 'Khởi nghiệp', 'Xây dựng mô hình kinh doanh, sáng lập startup', 'Ka Admin', '2025-04-16 19:37:39', 'Ka Admin', '2025-04-16 19:37:39'),
(14, 'MCM1569208731', 'Quản lý nguồn nhân lực', 'Tuyển dụng, đào tạo, phát triển nhân sự', 'Ka Admin', '2025-04-16 19:37:39', 'Ka Admin', '2025-04-16 19:37:39'),
(15, 'MCM1569208740', 'Kinh doanh', 'Bán hàng, mở rộng thị trường, phát triển khách hàng', 'Ka Admin', '2025-04-16 19:37:39', 'Ka Admin', '2025-04-16 19:37:39'),
(16, 'MCM1569208758', 'Vận tải và hậu cần', 'Logistics, điều phối vận chuyển, kho bãi', 'Ka Admin', '2025-04-16 19:37:39', 'Ka Admin', '2025-04-16 19:37:39'),
(17, 'MCM1569208771', 'Kinh doanh', 'Bán hàng, mở rộng thị trường, phát triển khách hàng', 'Ka Admin', '2025-04-16 19:37:39', 'Ka Admin', '2025-04-16 19:37:39'),
(18, 'MCM1569208782', 'Bán lẻ', 'Bán hàng tại cửa hàng, siêu thị, chuỗi hệ thống', 'Ka Admin', '2025-04-16 19:37:39', 'Ka Admin', '2025-04-16 19:37:39');

-- --------------------------------------------------------

--
-- Table structure for table `cong_tac`
--

CREATE TABLE `cong_tac` (
  `id` int(11) NOT NULL,
  `ma_cong_tac` varchar(255) NOT NULL,
  `nhanvien_id` int(11) NOT NULL,
  `ngay_bat_dau` date NOT NULL,
  `ngay_ket_thuc` date NOT NULL,
  `dia_diem` varchar(255) NOT NULL,
  `muc_dich` varchar(500) NOT NULL,
  `ghi_chu` varchar(500) NOT NULL,
  `nguoi_tao` varchar(255) NOT NULL,
  `ngay_tao` datetime NOT NULL,
  `nguoi_sua` varchar(255) NOT NULL,
  `ngay_sua` datetime NOT NULL
) ENGINE=InnoDB DEFAULT CHARSET=utf8 COLLATE=utf8_unicode_ci;

--
-- Dumping data for table `cong_tac`
--

INSERT INTO `cong_tac` (`id`, `ma_cong_tac`, `nhanvien_id`, `ngay_bat_dau`, `ngay_ket_thuc`, `dia_diem`, `muc_dich`, `ghi_chu`, `nguoi_tao`, `ngay_tao`, `nguoi_sua`, `ngay_sua`) VALUES
(8, 'MCT1744812909', 34, '2025-02-14', '2025-02-19', 'Đà Nẵng', '<p>Khảo s&aacute;t thị trường</p>\r\n', 'Có ăn trưa với đối tác', 'Ka Admin', '2025-04-16 21:15:09', '', '0000-00-00 00:00:00'),
(9, 'MCT1744812977', 35, '2025-03-16', '2025-05-11', 'TP. Hồ Chí Minh', '<p>Đ&agrave;o tạo nội bộ</p>\r\n', 'Cần mang theo laptop và máy chiếu', 'Ka Admin', '2025-04-16 21:16:17', '', '0000-00-00 00:00:00'),
(10, 'MCT1744813025', 42, '2025-04-17', '2025-04-19', 'Phú Quốc', '<p>Khảo s&aacute;t thị trường</p>\r\n', 'Chuyến đi kéo dài 3 ngày', 'Ka Admin', '2025-04-16 21:17:05', '', '0000-00-00 00:00:00');

-- --------------------------------------------------------

--
-- Table structure for table `dan_toc`
--

CREATE TABLE `dan_toc` (
  `id` int(11) NOT NULL,
  `ten_dan_toc` varchar(50) NOT NULL
) ENGINE=InnoDB DEFAULT CHARSET=utf8 COLLATE=utf8_unicode_ci;

--
-- Dumping data for table `dan_toc`
--

INSERT INTO `dan_toc` (`id`, `ten_dan_toc`) VALUES
(1, 'Kinh'),
(2, 'Khơ-me'),
(3, 'Mường'),
(4, 'Thổ'),
(5, 'H\'Mông'),
(6, 'Ê-đê'),
(7, 'Bố Y'),
(8, 'Lào'),
(9, 'Tày'),
(10, 'Thái'),
(11, 'Nùng'),
(12, 'Khơ-mú'),
(13, 'M\'Nông'),
(14, 'Xơ Đăng'),
(15, 'Chăm'),
(16, 'Gia Rai'),
(17, 'Hoa'),
(18, 'Lô Lô'),
(19, 'Phù Lá');

-- --------------------------------------------------------

--
-- Table structure for table `khen_thuong_ky_luat`
--

CREATE TABLE `khen_thuong_ky_luat` (
  `id` int(11) NOT NULL,
  `ma_kt` varchar(50) NOT NULL,
  `so_qd` varchar(50) NOT NULL,
  `ngay_qd` date NOT NULL,
  `nhanvien_id` int(11) NOT NULL,
  `ten_khen_thuong` varchar(255) NOT NULL,
  `loai_kt_id` int(11) NOT NULL,
  `hinh_thuc` tinyint(1) NOT NULL,
  `so_tien` double NOT NULL,
  `flag` tinyint(1) NOT NULL,
  `ghi_chu` varchar(500) NOT NULL,
  `nguoi_tao` varchar(50) NOT NULL,
  `ngay_tao` datetime NOT NULL,
  `nguoi_sua` varchar(50) NOT NULL,
  `ngay_sua` datetime NOT NULL
) ENGINE=InnoDB DEFAULT CHARSET=utf8 COLLATE=utf8_unicode_ci;

--
-- Dumping data for table `khen_thuong_ky_luat`
--

INSERT INTO `khen_thuong_ky_luat` (`id`, `ma_kt`, `so_qd`, `ngay_qd`, `nhanvien_id`, `ten_khen_thuong`, `loai_kt_id`, `hinh_thuc`, `so_tien`, `flag`, `ghi_chu`, `nguoi_tao`, `ngay_tao`, `nguoi_sua`, `ngay_sua`) VALUES
(12, 'MKT1744814014', '123', '2025-04-16', 44, 'Chúc mừng hoàn thành dự án ABC', 8, 0, 1000000, 1, '', 'Ka Admin', '2025-04-16 21:33:34', 'Ka Admin', '2025-04-16 21:33:44'),
(13, 'MKT1744814118', '124', '2025-04-16', 39, 'Chúc mừng hoàn thành ký hợp đồng dự án Bta', 6, 1, 1200000, 1, '', 'Ka Admin', '2025-04-16 21:35:18', 'Ka Admin', '2025-04-16 21:35:18'),
(14, 'MKL1744814197', 'KL001', '2025-04-16', 37, 'Cảnh cáo KL001', 14, 0, 5500000, 0, '', 'Ka Admin', '2025-04-16 21:36:37', 'Ka Admin', '2025-04-16 21:36:37');

-- --------------------------------------------------------

--
-- Table structure for table `loai_khen_thuong_ky_luat`
--

CREATE TABLE `loai_khen_thuong_ky_luat` (
  `id` int(11) NOT NULL,
  `ma_loai` varchar(50) NOT NULL,
  `ten_loai` varchar(255) NOT NULL,
  `ghi_chu` varchar(255) NOT NULL,
  `flag` tinyint(1) NOT NULL,
  `nguoi_tao` varchar(50) NOT NULL,
  `ngay_tao` datetime NOT NULL,
  `nguoi_sua` varchar(50) NOT NULL,
  `ngay_sua` datetime NOT NULL
) ENGINE=InnoDB DEFAULT CHARSET=utf8 COLLATE=utf8_unicode_ci;

--
-- Dumping data for table `loai_khen_thuong_ky_luat`
--

INSERT INTO `loai_khen_thuong_ky_luat` (`id`, `ma_loai`, `ten_loai`, `ghi_chu`, `flag`, `nguoi_tao`, `ngay_tao`, `nguoi_sua`, `ngay_sua`) VALUES
(5, 'LKT1571280354', 'Nhân viên đồng', '', 1, 'Ka Admin', '2025-04-16 21:26:35', 'Ka Admin', '2025-04-16 21:26:35'),
(6, 'LKT1571280364', 'Nhân viên bạc', '', 1, 'Ka Admin', '2025-04-16 21:26:35', 'Ka Admin', '2025-04-16 21:26:35'),
(7, 'LKT1571280370', 'Nhân viên vàng', '', 1, 'Ka Admin', '2025-04-16 21:26:35', 'Ka Admin', '2025-04-16 21:26:35'),
(8, 'LKT1571280376', 'Nhân viên kim cương', '', 1, 'Ka Admin', '2025-04-16 21:26:35', 'Ka Admin', '2025-04-16 21:26:35'),
(14, 'LKL1571366769', 'Nhân viên đi trễ', '<p>Nh&acirc;n vi&ecirc;n thường xuy&ecirc;n đi trễ</p>\r\n', 0, 'Ka Admin', '2025-04-16 21:26:35', 'Ka Admin', '2025-04-16 21:26:35'),
(15, 'LKL1571366807', 'Nhân viên nghỉ quá ngày cho phép', '<p>Nh&acirc;n vi&ecirc;n nghỉ tr&ecirc;n 20 ng&agrave;y/th&aacute;ng.</p>\r\n', 0, 'Ka Admin', '2025-04-16 21:26:35', 'Ka Admin', '2025-04-16 21:26:35'),
(19, 'LKL1571367774', 'Test', '', 0, 'Ka Admin', '2025-04-16 21:26:35', 'Ka Admin', '2025-04-16 21:26:35'),
(20, 'LKT1599471135', 'Doanh so cao', '<p>ok</p>\r\n', 1, 'Ka Admin', '2025-04-16 21:26:35', 'Ka Admin', '2025-04-16 21:26:35');

-- --------------------------------------------------------

--
-- Table structure for table `loai_nv`
--

CREATE TABLE `loai_nv` (
  `id` int(11) NOT NULL,
  `ma_loai_nv` varchar(50) NOT NULL,
  `ten_loai_nv` varchar(50) NOT NULL,
  `ghi_chu` varchar(255) NOT NULL,
  `nguoi_tao` varchar(50) NOT NULL,
  `ngay_tao` datetime NOT NULL,
  `nguoi_sua` varchar(50) NOT NULL,
  `ngay_sua` datetime NOT NULL
) ENGINE=InnoDB DEFAULT CHARSET=utf8 COLLATE=utf8_unicode_ci;

--
-- Dumping data for table `loai_nv`
--

INSERT INTO `loai_nv` (`id`, `ma_loai_nv`, `ten_loai_nv`, `ghi_chu`, `nguoi_tao`, `ngay_tao`, `nguoi_sua`, `ngay_sua`) VALUES
(8, 'LNV2025041601', 'Nhân viên part-time', 'Làm việc bán thời gian, theo ca linh hoạt', 'Ka Admin', '2025-04-16 19:23:22', 'Ka Admin', '2025-04-16 19:23:22'),
(9, 'LNV2025041602', 'Nhân viên thử việc', 'Trong thời gian đánh giá trước khi trở thành nhân viên chính thức', 'Ka Admin', '2025-04-16 19:23:22', 'Ka Admin', '2025-04-16 19:23:22'),
(10, 'LNV2025041603', 'Thực tập sinh', 'Sinh viên thực tập có thời hạn, không ràng buộc hợp đồng chính thức', 'Ka Admin', '2025-04-16 19:23:22', 'Ka Admin', '2025-04-16 19:23:22'),
(11, 'LNV2025041604', 'Cộng tác viên', 'Không thuộc biên chế chính thức, làm việc theo nhiệm vụ cụ thể hoặc dự án', 'Ka Admin', '2025-04-16 19:23:22', 'Ka Admin', '2025-04-16 19:23:22'),
(12, 'LNV1744807209', 'Nhân viên chính thức', '<p>l&agrave;m việt full&nbsp; time</p>\r\n', 'Ka Admin', '2025-04-16 19:40:09', 'Ka Admin', '2025-04-16 19:40:09');

-- --------------------------------------------------------

--
-- Table structure for table `luong`
--

CREATE TABLE `luong` (
  `id` int(11) NOT NULL,
  `ma_luong` varchar(50) NOT NULL,
  `nhanvien_id` int(11) NOT NULL,
  `luong_thang` double NOT NULL,
  `ngay_cong` int(11) NOT NULL,
  `phu_cap` double NOT NULL,
  `khoan_nop` double NOT NULL,
  `tam_ung` double NOT NULL,
  `thuc_lanh` double NOT NULL,
  `ngay_cham` date NOT NULL,
  `ghi_chu` varchar(255) NOT NULL,
  `nguoi_tao_id` int(11) NOT NULL,
  `ngay_tao` datetime NOT NULL,
  `nguoi_sua_id` int(11) NOT NULL,
  `ngay_sua` datetime NOT NULL
) ENGINE=InnoDB DEFAULT CHARSET=utf8 COLLATE=utf8_unicode_ci;

--
-- Dumping data for table `luong`
--

INSERT INTO `luong` (`id`, `ma_luong`, `nhanvien_id`, `luong_thang`, `ngay_cong`, `phu_cap`, `khoan_nop`, `tam_ung`, `thuc_lanh`, `ngay_cham`, `ghi_chu`, `nguoi_tao_id`, `ngay_tao`, `nguoi_sua_id`, `ngay_sua`) VALUES
(22, 'ML1744812402', 41, 5750000, 25, 100000, 603750, 0, 5246250, '2025-04-05', '<p>Thưởng th&ecirc;m ng&agrave;y lễ:</p>\r\n\r\n<p>- <strong>Ng&agrave;y Giỗ Tổ H&ugrave;ng Vương (7/4)</strong>: 200.000vnđ</p>\r\n\r\n<p>-&nbsp;<strong>Ng&agrave;y Giải ph&oacute;ng miền Nam, thống nhất đất nước (30/4): 5</strong>00.000vnđ</p>\r\n\r\n<p>-&nbsp;<str', 13, '2025-04-02 21:06:42', 13, '2025-04-02 21:06:42'),
(23, 'ML1744812607', 35, 7750000, 25, 2825000, 813750, 0, 9761250, '2025-04-05', '<p>Phụ cấp ng&agrave;y lễ:<br />\r\n- Ng&agrave;y Giỗ Tổ H&ugrave;ng Vương (18/4): 200.000vnđ<br />\r\n- Ng&agrave;y Giải ph&oacute;ng miền Nam, thống nhất đất nước (30/4): 500.000vnđ<br />\r\n- Ng&agrave;y Quốc tế Lao động(1/5): 500.000vnđ</p>\r\n', 13, '2025-04-03 21:10:07', 13, '2025-04-03 21:10:07'),
(24, 'ML1744842479', 42, 8400000, 24, 1200000, 882000, 0, 8718000, '2025-04-05', '<p>Phụ cấp ng&agrave;y lễ:<br />\r\n- Ng&agrave;y Giỗ Tổ H&ugrave;ng Vương (18/4): 200.000vnđ<br />\r\n- Ng&agrave;y Giải ph&oacute;ng miền Nam, thống nhất đất nước (30/4): 500.000vnđ<br />\r\n- Ng&agrave;y Quốc tế Lao động(1/5): 500.000vnđ</p>\r\n', 13, '2025-04-03 05:27:59', 13, '2025-04-03 05:27:59'),
(25, 'ML1744842674', 39, 7560000, 26, 2870000, 793800, 0, 9636200, '2025-04-05', '', 13, '2025-04-17 05:31:14', 13, '2025-04-17 05:31:14');

-- --------------------------------------------------------

--
-- Table structure for table `nhanvien`
--

CREATE TABLE `nhanvien` (
  `id` int(11) NOT NULL,
  `ma_nv` varchar(50) NOT NULL,
  `hinh_anh` varchar(255) NOT NULL,
  `ten_nv` varchar(255) NOT NULL,
  `biet_danh` varchar(255) NOT NULL,
  `gioi_tinh` tinyint(1) NOT NULL,
  `ngay_sinh` date NOT NULL,
  `noi_sinh` varchar(255) NOT NULL,
  `hon_nhan_id` int(11) NOT NULL,
  `so_cmnd` varchar(50) NOT NULL,
  `noi_cap_cmnd` varchar(255) NOT NULL,
  `ngay_cap_cmnd` date NOT NULL,
  `nguyen_quan` varchar(255) NOT NULL,
  `quoc_tich_id` int(11) NOT NULL,
  `ton_giao_id` int(11) NOT NULL,
  `dan_toc_id` int(11) NOT NULL,
  `ho_khau` varchar(255) NOT NULL,
  `tam_tru` varchar(255) NOT NULL,
  `loai_nv_id` int(11) NOT NULL,
  `trinh_do_id` int(11) NOT NULL,
  `chuyen_mon_id` int(11) NOT NULL,
  `bang_cap_id` int(11) NOT NULL,
  `phong_ban_id` int(11) NOT NULL,
  `chuc_vu_id` int(11) NOT NULL,
  `trang_thai` tinyint(1) NOT NULL,
  `nguoi_tao_id` int(11) NOT NULL,
  `ngay_tao` datetime NOT NULL,
  `nguoi_sua_id` int(11) NOT NULL,
  `ngay_sua` datetime NOT NULL
) ENGINE=InnoDB DEFAULT CHARSET=utf8 COLLATE=utf8_unicode_ci;

--
-- Dumping data for table `nhanvien`
--

INSERT INTO `nhanvien` (`id`, `ma_nv`, `hinh_anh`, `ten_nv`, `biet_danh`, `gioi_tinh`, `ngay_sinh`, `noi_sinh`, `hon_nhan_id`, `so_cmnd`, `noi_cap_cmnd`, `ngay_cap_cmnd`, `nguyen_quan`, `quoc_tich_id`, `ton_giao_id`, `dan_toc_id`, `ho_khau`, `tam_tru`, `loai_nv_id`, `trinh_do_id`, `chuyen_mon_id`, `bang_cap_id`, `phong_ban_id`, `chuc_vu_id`, `trang_thai`, `nguoi_tao_id`, `ngay_tao`, `nguoi_sua_id`, `ngay_sua`) VALUES
(34, 'MNV1744808614', '1744811719.jpg', 'Trác Phàm', 'Trác cụt', 1, '1995-04-07', 'TP. Hồ Chí Minh', 1, '0123456701', 'Cục CSQLHC', '2024-01-01', 'TP. Hồ Chí Minh', 24, 0, 1, 'TP. Hồ Chí Minh', 'Tp. Thủ Đức, TP. Hồ Chí Minh', 12, 18, 3, 34, 32, 17, 1, 13, '2025-04-16 20:03:34', 13, '2025-04-16 20:55:19'),
(35, 'MNV1744809427', '1744809427.jpg', 'Hứa Thất An', 'Lão hứa', 1, '1998-01-10', 'Bình Dương', 1, '0123456703', 'Cục CSQLHC', '2025-04-16', 'Bình Dương', 24, 0, 1, 'Bình Dương', 'HCM', 12, 17, 15, 1, 25, 37, 1, 13, '2025-04-16 20:17:07', 13, '2025-04-16 20:17:07'),
(36, 'MNV1744809575', '1744809575.jpg', 'Nguyễn Minh Thắng', 'Ka', 1, '2003-04-07', 'Bình Định', 1, '123127318123', 'Cục CSQLHC', '2025-04-16', 'Bình Định', 24, 0, 1, 'Bình Định', 'TP. Hồ Chí Minh', 12, 17, 14, 1, 20, 16, 1, 13, '2025-04-16 20:19:35', 13, '2025-04-16 20:22:56'),
(37, 'MNV1744809732', '1744809732.jpg', 'Ngô Quang Phúc', 'Phúc Ngu', 1, '2003-10-01', 'TP. Hồ Chí Minh', 4, '0123456708', 'Cục cảnh sát', '2020-04-10', 'TP. Hồ Chí Minh', 24, 0, 1, 'TP. Hồ Chí Minh', 'TP. Hồ Chí Minh', 9, 17, 10, 1, 22, 33, 1, 13, '2025-04-16 20:22:12', 13, '2025-04-16 20:22:12'),
(38, 'MNV1744809957', '1744809957.jpg', 'Liễu Như Yên', 'Có thù với đại đạo', 0, '2001-04-20', 'Bến Tre', 4, '0123456704', 'Cục CSQLHC', '2021-04-01', 'Bến Tre', 24, 0, 1, 'Bến Tre', 'TP. Hồ Chí Minh', 12, 17, 2, 10, 22, 33, 1, 13, '2025-04-16 20:25:57', 13, '2025-04-16 20:25:57'),
(39, 'MNV1744810571', '1744810571.jpg', 'Dương Minh Quân	', '', 1, '2001-05-08', 'TP. Hồ Chí Minh	', 1, '579220313763	', 'Cục CSQLHC', '2025-04-16', 'TP. Hồ Chí Minh	', 24, 0, 1, 'TP. Hồ Chí Minh	', 'TP. Hồ Chí Minh	', 12, 17, 2, 16, 22, 38, 1, 13, '2025-04-16 20:36:11', 13, '2025-04-16 20:36:11'),
(40, 'MNV1744810744', '1744810744.jpg', 'Võ Thiên Bảo	', '', 1, '1996-02-11', 'Lâm Đồng	', 1, '843977452635	', 'Cục CSQLHC', '2025-04-16', 'Lâm Đồng	', 24, 0, 1, 'Lâm Đồng	', 'Lâm Đồng	', 12, 18, 11, 15, 29, 37, 1, 13, '2025-04-16 20:39:04', 13, '2025-04-16 20:39:04'),
(41, 'MNV1744811099', '1744811117.jpg', 'Trần Ngọc Anh', '', 0, '1999-02-11', 'Hà Tĩnh', 1, '541949602004', 'Cục cảnh sát', '2025-04-16', 'Hà Tĩnh', 24, 0, 1, 'Hà Tĩnh', 'Hà Tĩnh', 11, 17, 8, 31, 20, 33, 1, 13, '2025-04-16 20:44:59', 13, '2025-04-16 20:45:17'),
(42, 'MNV1744811300', '1744811300.jpg', 'Bùi Thị Nữ Vương', '', 0, '2004-08-17', 'Thừa Thiên Huế	', 1, '999219281685	', 'Cục CSQLHC', '2022-04-16', 'Thừa Thiên Huế	', 24, 0, 1, 'Thừa Thiên Huế	', 'Thừa Thiên Huế	', 12, 17, 7, 8, 21, 40, 1, 13, '2025-04-16 20:48:20', 13, '2025-04-16 20:48:20'),
(43, 'MNV1744811443', '1744811443.jpg', 'Nguyễn Thị Diễm My', '', 0, '2002-02-28', 'Vĩnh Long	', 1, '264409026914	', 'Cục cảnh sát', '2023-04-16', 'Vĩnh Long	', 24, 0, 1, 'Vĩnh Long	', 'Vĩnh Long	', 12, 17, 6, 1, 23, 39, 1, 13, '2025-04-16 20:50:43', 13, '2025-04-16 20:50:43'),
(44, 'MNV1744811658', '1744811658.jpg', 'Huỳnh Thanh Hà', '', 0, '1998-06-24', 'Đà Nẵng	', 1, '614122247758	', 'Cục cảnh sát', '2025-04-16', 'Đà Nẵng	', 24, 0, 1, 'Đà Nẵng	', 'Đà Nẵng	', 12, 17, 10, 1, 21, 37, 1, 13, '2025-04-16 20:54:18', 13, '2025-04-16 20:54:18');

-- --------------------------------------------------------

--
-- Table structure for table `nhom`
--

CREATE TABLE `nhom` (
  `id` int(11) NOT NULL,
  `ma_nhom` varchar(50) NOT NULL,
  `ten_nhom` varchar(255) NOT NULL,
  `mo_ta` varchar(255) NOT NULL,
  `nguoi_tao` varchar(255) NOT NULL,
  `ngay_tao` datetime NOT NULL,
  `nguoi_sua` varchar(255) NOT NULL,
  `ngay_sua` datetime NOT NULL
) ENGINE=InnoDB DEFAULT CHARSET=utf8 COLLATE=utf8_unicode_ci;

--
-- Dumping data for table `nhom`
--

INSERT INTO `nhom` (`id`, `ma_nhom`, `ten_nhom`, `mo_ta`, `nguoi_tao`, `ngay_tao`, `nguoi_sua`, `ngay_sua`) VALUES
(5, 'GRP1571110790', 'Nhóm tổ chức sự kiện', '', 'ĐàoThanh Huy', '2023-10-15 10:40:00', '', '0000-00-00 00:00:00'),
(10, 'GRP1744813217', 'Nhóm Quản lý', '', 'KaAdmin', '2025-04-16 21:20:32', '', '0000-00-00 00:00:00');

-- --------------------------------------------------------

--
-- Table structure for table `phong_ban`
--

CREATE TABLE `phong_ban` (
  `id` int(11) NOT NULL,
  `ma_phong_ban` varchar(255) NOT NULL,
  `ten_phong_ban` varchar(255) NOT NULL,
  `ghi_chu` varchar(255) NOT NULL,
  `nguoi_tao` varchar(50) NOT NULL,
  `ngay_tao` datetime NOT NULL,
  `nguoi_sua` varchar(50) DEFAULT NULL,
  `ngay_sua` datetime DEFAULT NULL
) ENGINE=InnoDB DEFAULT CHARSET=utf8 COLLATE=utf8_unicode_ci;

--
-- Dumping data for table `phong_ban`
--

INSERT INTO `phong_ban` (`id`, `ma_phong_ban`, `ten_phong_ban`, `ghi_chu`, `nguoi_tao`, `ngay_tao`, `nguoi_sua`, `ngay_sua`) VALUES
(20, 'MBP1569204111', 'Phòng tổ chức - hành chính', '<p>Ph&ograve;ng tổ chức - h&agrave;nh ch&iacute;nh</p>\r\n', 'Ka Admin', '2025-04-16 22:52:51', 'Ka Admin', '2025-04-16 22:52:51'),
(21, 'MBP1569204120', 'Phòng kinh doanh', '<p><strong>Ph&ograve;ng kinh doanh</strong></p>\r\n', 'Ka Admin', '2025-04-16 22:52:51', 'Ka Admin', '2025-04-16 22:52:51'),
(22, 'MBP1569204129', 'Phòng tài chính - kế toán', '<p>Ph&ograve;ng t&agrave;i ch&iacute;nh - kế to&aacute;n</p>\r\n', 'Ka Admin', '2025-04-16 22:52:51', 'Ka Admin', '2025-04-16 22:52:51'),
(23, 'MBP1569204142', 'Văn phòng đại diện', '<p>Văn ph&ograve;ng đại diện</p>\r\n', 'Ka Admin', '2025-04-16 22:52:51', 'Ka Admin', '2025-04-16 22:52:51'),
(24, 'MBP1569204214', 'Phòng kinh tế - kỹ thuật', '<p>Ph&ograve;ng kinh tế - kỹ thuật</p>\r\n', 'Ka Admin', '2025-04-16 22:52:51', 'Ka Admin', '2025-04-16 22:52:51'),
(25, 'MBP1569204303', 'Phòng kế hoạch - kinh doanh', '<p>Ph&ograve;ng kế hoạch - kinh doanh</p>\r\n', 'Ka Admin', '2025-04-16 22:52:51', 'Ka Admin', '2025-04-16 22:52:51'),
(29, 'MBP1744244692', 'Phòng kỹ thuật', '', 'KaAdmin', '2025-04-16 22:52:51', 'Ka Admin', '2025-04-17 05:33:58'),
(32, 'MBP1744244709', 'Phát triển - IT', '', 'KaAdmin', '2025-04-16 22:52:51', 'Ka Admin', '2025-04-16 22:52:51');

-- --------------------------------------------------------

--
-- Table structure for table `qr_code_nhanvien`
--

CREATE TABLE `qr_code_nhanvien` (
  `id` int(11) NOT NULL,
  `nhanvien_id` int(11) NOT NULL,
  `ma_qr` varchar(255) NOT NULL,
  `ngay_tao` datetime DEFAULT current_timestamp(),
  `trang_thai` tinyint(1) DEFAULT 1
) ENGINE=InnoDB DEFAULT CHARSET=utf8 COLLATE=utf8_unicode_ci;

-- --------------------------------------------------------

--
-- Table structure for table `quoc_tich`
--

CREATE TABLE `quoc_tich` (
  `id` int(11) NOT NULL,
  `ten_quoc_tich` varchar(50) NOT NULL
) ENGINE=InnoDB DEFAULT CHARSET=utf8 COLLATE=utf8_unicode_ci;

--
-- Dumping data for table `quoc_tich`
--

INSERT INTO `quoc_tich` (`id`, `ten_quoc_tich`) VALUES
(1, 'Danish'),
(2, 'Đan Mạch'),
(3, 'British / English'),
(4, 'Anh'),
(5, 'Estonian'),
(6, 'Estonia'),
(7, 'Finnish'),
(8, 'Phần Lan'),
(9, 'Icelandic'),
(10, 'Irish'),
(11, 'Ireland'),
(12, 'Latvian'),
(13, 'Latvia'),
(14, 'Lithuanian'),
(15, 'Norwegian'),
(16, 'Na Uy'),
(17, 'Canada'),
(18, 'Scotland'),
(19, 'Thụy Điển'),
(20, 'Tây Ban Nha'),
(21, 'Séc'),
(22, 'Ba Lan'),
(23, 'Mỹ'),
(24, 'Việt Nam'),
(25, 'Ấn Độ'),
(26, 'Trung Quốc'),
(27, 'Mông Cổ'),
(28, 'Triều Tiên'),
(29, 'Đài Loan'),
(30, 'Campuchia'),
(31, 'Indonesia'),
(32, 'Lào'),
(33, 'Philipin'),
(34, 'Thái Lan');

-- --------------------------------------------------------

--
-- Table structure for table `tai_khoan`
--

CREATE TABLE `tai_khoan` (
  `id` int(11) NOT NULL,
  `ho` varchar(50) NOT NULL,
  `ten` varchar(50) NOT NULL,
  `hinh_anh` varchar(50) NOT NULL,
  `email` varchar(50) NOT NULL,
  `mat_khau` varchar(50) NOT NULL,
  `so_dt` varchar(50) NOT NULL,
  `quyen` tinyint(1) NOT NULL,
  `trang_thai` tinyint(1) NOT NULL,
  `truy_cap` int(11) NOT NULL,
  `ngay_tao` datetime NOT NULL,
  `ngay_sua` datetime NOT NULL
) ENGINE=InnoDB DEFAULT CHARSET=utf8 COLLATE=utf8_unicode_ci;

--
-- Dumping data for table `tai_khoan`
--

INSERT INTO `tai_khoan` (`id`, `ho`, `ten`, `hinh_anh`, `email`, `mat_khau`, `so_dt`, `quyen`, `trang_thai`, `truy_cap`, `ngay_tao`, `ngay_sua`) VALUES
(13, 'Ka', 'Admin', '1744186111.jpg', 'adminka@gmail.com', '202cb962ac59075b964b07152d234b70', '0931967576', 1, 1, 215, '2025-03-27 15:08:31', '2025-04-09 15:08:31'),
(14, 'Admin', 'Phúc Ngu', '1744466651.jpg', 'adminphra@gmail.com', '202cb962ac59075b964b07152d234b70', '0900000001', 1, 0, 2, '2025-04-12 21:04:11', '2025-04-16 08:36:39'),
(18, 'Nguyễn', 'Minh Thắng', '1744814362.jpg', 'nhanvien@gmail.com', '202cb962ac59075b964b07152d234b70', '1234567890', 0, 1, 2, '2025-04-16 21:39:04', '2025-04-16 21:39:22');

-- --------------------------------------------------------

--
-- Table structure for table `tinh_trang_hon_nhan`
--

CREATE TABLE `tinh_trang_hon_nhan` (
  `id` int(11) NOT NULL,
  `ten_tinh_trang` varchar(255) NOT NULL
) ENGINE=InnoDB DEFAULT CHARSET=utf8 COLLATE=utf8_unicode_ci;

--
-- Dumping data for table `tinh_trang_hon_nhan`
--

INSERT INTO `tinh_trang_hon_nhan` (`id`, `ten_tinh_trang`) VALUES
(1, 'Độc thân'),
(2, 'Đính hôn'),
(3, 'Có gia đình'),
(4, 'Ly thân'),
(5, 'Ly hôn');

-- --------------------------------------------------------

--
-- Table structure for table `ton_giao`
--

CREATE TABLE `ton_giao` (
  `id` int(11) NOT NULL,
  `ten_ton_giao` varchar(255) NOT NULL
) ENGINE=InnoDB DEFAULT CHARSET=utf8 COLLATE=utf8_unicode_ci;

--
-- Dumping data for table `ton_giao`
--

INSERT INTO `ton_giao` (`id`, `ten_ton_giao`) VALUES
(0, 'Không'),
(1, 'Phật giáo'),
(2, 'Thiên chúa giáo'),
(3, 'Đạo tin lành'),
(4, 'Hồi giáo'),
(5, 'Do Thái giáo');

-- --------------------------------------------------------

--
-- Table structure for table `trinh_do`
--

CREATE TABLE `trinh_do` (
  `id` int(11) NOT NULL,
  `ma_trinh_do` varchar(50) NOT NULL,
  `ten_trinh_do` varchar(255) NOT NULL,
  `ghi_chu` varchar(255) NOT NULL,
  `nguoi_tao` varchar(50) NOT NULL,
  `ngay_tao` datetime NOT NULL,
  `nguoi_sua` varchar(50) NOT NULL,
  `ngay_sua` datetime NOT NULL
) ENGINE=InnoDB DEFAULT CHARSET=utf8 COLLATE=utf8_unicode_ci;

--
-- Dumping data for table `trinh_do`
--

INSERT INTO `trinh_do` (`id`, `ma_trinh_do`, `ten_trinh_do`, `ghi_chu`, `nguoi_tao`, `ngay_tao`, `nguoi_sua`, `ngay_sua`) VALUES
(1, 'MTD1569206480', '1/12', '<p>Tr&igrave;nh độ lớp 1/12</p>\r\n', 'Ka Admin', '2025-04-16 19:29:25', 'Ka Admin', '2025-04-16 19:29:25'),
(2, 'MTD1569206546', '2/12', '<p>Tr&igrave;nh độ lớp 2/12</p>\r\n', 'Ka Admin', '2025-04-16 19:29:25', 'Ka Admin', '2025-04-16 19:29:25'),
(3, 'MTD1569206555', '3/12', '<p>Tr&igrave;nh độ lớp 3/12</p>\r\n', 'Ka Admin', '2025-04-16 19:29:25', 'Ka Admin', '2025-04-16 19:29:25'),
(4, 'MTD1569206570', '4/12', '<p>Tr&igrave;nh độ lớp 4/12</p>\r\n', 'Ka Admin', '2025-04-16 19:29:25', 'Ka Admin', '2025-04-16 19:29:25'),
(5, 'MTD1569206579', '5/12', '<p>Tr&igrave;nh độ lớp 5/12</p>\r\n', 'Ka Admin', '2025-04-16 19:29:25', 'Ka Admin', '2025-04-16 19:29:25'),
(6, 'MTD1569206590', '6/12', '<p>Tr&igrave;nh độ lớp 6/12</p>\r\n', 'Ka Admin', '2025-04-16 19:29:25', 'Ka Admin', '2025-04-16 19:29:25'),
(7, 'MTD1569206604', '7/12', '<p>Tr&igrave;nh độ lớp 7/12</p>\r\n', 'Ka Admin', '2025-04-16 19:29:25', 'Ka Admin', '2025-04-16 19:29:25'),
(8, 'MTD1569206616', '8/12', '<p>Tr&igrave;nh độ lớp 8/12</p>\r\n', 'Ka Admin', '2025-04-16 19:29:25', 'Ka Admin', '2025-04-16 19:29:25'),
(9, 'MTD1569206628', '9/12', '<p>Tr&igrave;nh độ lớp 9/12</p>\r\n', 'Ka Admin', '2025-04-16 19:29:25', 'Ka Admin', '2025-04-16 19:29:25'),
(10, 'MTD1569206638', '10/12', '<p>Tr&igrave;nh độ lớp 10/12</p>\r\n', 'Ka Admin', '2025-04-16 19:29:25', 'Ka Admin', '2025-04-16 19:29:25'),
(11, 'MTD1569206649', '11/12', '<p>Tr&igrave;nh độ lớp 11/12</p>\r\n', 'Ka Admin', '2025-04-16 19:29:25', 'Ka Admin', '2025-04-16 19:29:25'),
(12, 'MTD1569206662', '12/12', '<p>Tr&igrave;nh độ lớp 12/12</p>\r\n', 'Ka Admin', '2025-04-16 19:29:25', 'Ka Admin', '2025-04-16 19:29:25'),
(15, 'MTD1569651298', 'Trung cấp', '', 'Ka Admin', '2025-04-16 19:29:25', 'Ka Admin', '2025-04-16 19:29:25'),
(16, 'MTD1569651304', 'Cao đẳng', '', 'Ka Admin', '2025-04-16 19:29:25', 'Ka Admin', '2025-04-16 19:29:25'),
(17, 'MTD1569651310', 'Đại học', '', 'Ka Admin', '2025-04-16 19:29:25', 'Ka Admin', '2025-04-16 19:29:25'),
(18, 'MTD1569651317', 'Cao học', '', 'Ka Admin', '2025-04-16 19:29:25', 'Ka Admin', '2025-04-16 19:29:25');

--
-- Indexes for dumped tables
--

--
-- Indexes for table `bang_cap`
--
ALTER TABLE `bang_cap`
  ADD PRIMARY KEY (`id`);

--
-- Indexes for table `cham_cong`
--
ALTER TABLE `cham_cong`
  ADD PRIMARY KEY (`id`),
  ADD KEY `idx_nhanvien_ngay` (`nhanvien_id`,`ngay`),
  ADD KEY `idx_ngay` (`ngay`);

--
-- Indexes for table `chinh_luong`
--
ALTER TABLE `chinh_luong`
  ADD PRIMARY KEY (`id`),
  ADD KEY `nhanvien_id` (`nhanvien_id`);

--
-- Indexes for table `chi_tiet_nhom`
--
ALTER TABLE `chi_tiet_nhom`
  ADD PRIMARY KEY (`id`);

--
-- Indexes for table `chuc_vu`
--
ALTER TABLE `chuc_vu`
  ADD PRIMARY KEY (`id`);

--
-- Indexes for table `chuyen_can`
--
ALTER TABLE `chuyen_can`
  ADD PRIMARY KEY (`id`),
  ADD UNIQUE KEY `unique_nhanvien_thang_nam` (`nhanvien_id`,`thang`,`nam`),
  ADD KEY `idx_thang_nam` (`thang`,`nam`);

--
-- Indexes for table `chuyen_mon`
--
ALTER TABLE `chuyen_mon`
  ADD PRIMARY KEY (`id`);

--
-- Indexes for table `cong_tac`
--
ALTER TABLE `cong_tac`
  ADD PRIMARY KEY (`id`),
  ADD KEY `nhanvien_id` (`nhanvien_id`);

--
-- Indexes for table `dan_toc`
--
ALTER TABLE `dan_toc`
  ADD PRIMARY KEY (`id`);

--
-- Indexes for table `khen_thuong_ky_luat`
--
ALTER TABLE `khen_thuong_ky_luat`
  ADD PRIMARY KEY (`id`),
  ADD KEY `loai_kt_id` (`loai_kt_id`),
  ADD KEY `nhanvien_id` (`nhanvien_id`);

--
-- Indexes for table `loai_khen_thuong_ky_luat`
--
ALTER TABLE `loai_khen_thuong_ky_luat`
  ADD PRIMARY KEY (`id`);

--
-- Indexes for table `loai_nv`
--
ALTER TABLE `loai_nv`
  ADD PRIMARY KEY (`id`);

--
-- Indexes for table `luong`
--
ALTER TABLE `luong`
  ADD PRIMARY KEY (`id`),
  ADD KEY `nhanvien_id` (`nhanvien_id`);

--
-- Indexes for table `nhanvien`
--
ALTER TABLE `nhanvien`
  ADD PRIMARY KEY (`id`),
  ADD KEY `quoc_tich_id` (`quoc_tich_id`),
  ADD KEY `ton_giao_id` (`ton_giao_id`),
  ADD KEY `dan_toc_id` (`dan_toc_id`),
  ADD KEY `loai_nv_id` (`loai_nv_id`),
  ADD KEY `chuyen_mon_id` (`chuyen_mon_id`),
  ADD KEY `trinh_do_id` (`trinh_do_id`),
  ADD KEY `bang_cap_id` (`bang_cap_id`),
  ADD KEY `phong_ban_id` (`phong_ban_id`),
  ADD KEY `chuc_vu_id` (`chuc_vu_id`),
  ADD KEY `nguoi_tao_id` (`nguoi_tao_id`),
  ADD KEY `nguoi_sua_id` (`nguoi_sua_id`);

--
-- Indexes for table `nhom`
--
ALTER TABLE `nhom`
  ADD PRIMARY KEY (`id`);

--
-- Indexes for table `phong_ban`
--
ALTER TABLE `phong_ban`
  ADD PRIMARY KEY (`id`);

--
-- Indexes for table `qr_code_nhanvien`
--
ALTER TABLE `qr_code_nhanvien`
  ADD PRIMARY KEY (`id`),
  ADD UNIQUE KEY `unique_nhanvien` (`nhanvien_id`);

--
-- Indexes for table `quoc_tich`
--
ALTER TABLE `quoc_tich`
  ADD PRIMARY KEY (`id`);

--
-- Indexes for table `tai_khoan`
--
ALTER TABLE `tai_khoan`
  ADD PRIMARY KEY (`id`);

--
-- Indexes for table `tinh_trang_hon_nhan`
--
ALTER TABLE `tinh_trang_hon_nhan`
  ADD PRIMARY KEY (`id`);

--
-- Indexes for table `ton_giao`
--
ALTER TABLE `ton_giao`
  ADD PRIMARY KEY (`id`);

--
-- Indexes for table `trinh_do`
--
ALTER TABLE `trinh_do`
  ADD PRIMARY KEY (`id`);

--
-- AUTO_INCREMENT for dumped tables
--

--
-- AUTO_INCREMENT for table `bang_cap`
--
ALTER TABLE `bang_cap`
  MODIFY `id` int(11) NOT NULL AUTO_INCREMENT, AUTO_INCREMENT=36;

--
-- AUTO_INCREMENT for table `cham_cong`
--
ALTER TABLE `cham_cong`
  MODIFY `id` int(11) NOT NULL AUTO_INCREMENT, AUTO_INCREMENT=419;

--
-- AUTO_INCREMENT for table `chinh_luong`
--
ALTER TABLE `chinh_luong`
  MODIFY `id` int(11) NOT NULL AUTO_INCREMENT;

--
-- AUTO_INCREMENT for table `chi_tiet_nhom`
--
ALTER TABLE `chi_tiet_nhom`
  MODIFY `id` int(11) NOT NULL AUTO_INCREMENT, AUTO_INCREMENT=34;

--
-- AUTO_INCREMENT for table `chuc_vu`
--
ALTER TABLE `chuc_vu`
  MODIFY `id` int(11) NOT NULL AUTO_INCREMENT, AUTO_INCREMENT=45;

--
-- AUTO_INCREMENT for table `chuyen_can`
--
ALTER TABLE `chuyen_can`
  MODIFY `id` int(11) NOT NULL AUTO_INCREMENT, AUTO_INCREMENT=17;

--
-- AUTO_INCREMENT for table `chuyen_mon`
--
ALTER TABLE `chuyen_mon`
  MODIFY `id` int(11) NOT NULL AUTO_INCREMENT, AUTO_INCREMENT=22;

--
-- AUTO_INCREMENT for table `cong_tac`
--
ALTER TABLE `cong_tac`
  MODIFY `id` int(11) NOT NULL AUTO_INCREMENT, AUTO_INCREMENT=11;

--
-- AUTO_INCREMENT for table `dan_toc`
--
ALTER TABLE `dan_toc`
  MODIFY `id` int(11) NOT NULL AUTO_INCREMENT, AUTO_INCREMENT=20;

--
-- AUTO_INCREMENT for table `khen_thuong_ky_luat`
--
ALTER TABLE `khen_thuong_ky_luat`
  MODIFY `id` int(11) NOT NULL AUTO_INCREMENT, AUTO_INCREMENT=15;

--
-- AUTO_INCREMENT for table `loai_khen_thuong_ky_luat`
--
ALTER TABLE `loai_khen_thuong_ky_luat`
  MODIFY `id` int(11) NOT NULL AUTO_INCREMENT, AUTO_INCREMENT=21;

--
-- AUTO_INCREMENT for table `loai_nv`
--
ALTER TABLE `loai_nv`
  MODIFY `id` int(11) NOT NULL AUTO_INCREMENT, AUTO_INCREMENT=13;

--
-- AUTO_INCREMENT for table `luong`
--
ALTER TABLE `luong`
  MODIFY `id` int(11) NOT NULL AUTO_INCREMENT, AUTO_INCREMENT=26;

--
-- AUTO_INCREMENT for table `nhanvien`
--
ALTER TABLE `nhanvien`
  MODIFY `id` int(11) NOT NULL AUTO_INCREMENT, AUTO_INCREMENT=45;

--
-- AUTO_INCREMENT for table `nhom`
--
ALTER TABLE `nhom`
  MODIFY `id` int(11) NOT NULL AUTO_INCREMENT, AUTO_INCREMENT=11;

--
-- AUTO_INCREMENT for table `phong_ban`
--
ALTER TABLE `phong_ban`
  MODIFY `id` int(11) NOT NULL AUTO_INCREMENT, AUTO_INCREMENT=34;

--
-- AUTO_INCREMENT for table `qr_code_nhanvien`
--
ALTER TABLE `qr_code_nhanvien`
  MODIFY `id` int(11) NOT NULL AUTO_INCREMENT, AUTO_INCREMENT=10;

--
-- AUTO_INCREMENT for table `quoc_tich`
--
ALTER TABLE `quoc_tich`
  MODIFY `id` int(11) NOT NULL AUTO_INCREMENT, AUTO_INCREMENT=36;

--
-- AUTO_INCREMENT for table `tai_khoan`
--
ALTER TABLE `tai_khoan`
  MODIFY `id` int(11) NOT NULL AUTO_INCREMENT, AUTO_INCREMENT=19;

--
-- AUTO_INCREMENT for table `tinh_trang_hon_nhan`
--
ALTER TABLE `tinh_trang_hon_nhan`
  MODIFY `id` int(11) NOT NULL AUTO_INCREMENT, AUTO_INCREMENT=6;

--
-- AUTO_INCREMENT for table `ton_giao`
--
ALTER TABLE `ton_giao`
  MODIFY `id` int(11) NOT NULL AUTO_INCREMENT, AUTO_INCREMENT=7;

--
-- AUTO_INCREMENT for table `trinh_do`
--
ALTER TABLE `trinh_do`
  MODIFY `id` int(11) NOT NULL AUTO_INCREMENT, AUTO_INCREMENT=22;

--
-- Constraints for dumped tables
--

--
-- Constraints for table `cham_cong`
--
ALTER TABLE `cham_cong`
  ADD CONSTRAINT `cham_cong_ibfk_1` FOREIGN KEY (`nhanvien_id`) REFERENCES `nhanvien` (`id`) ON DELETE CASCADE;

--
-- Constraints for table `chinh_luong`
--
ALTER TABLE `chinh_luong`
  ADD CONSTRAINT `chinh_luong_ibfk_1` FOREIGN KEY (`nhanvien_id`) REFERENCES `nhanvien` (`id`) ON DELETE CASCADE ON UPDATE CASCADE;

--
-- Constraints for table `chuyen_can`
--
ALTER TABLE `chuyen_can`
  ADD CONSTRAINT `chuyen_can_ibfk_1` FOREIGN KEY (`nhanvien_id`) REFERENCES `nhanvien` (`id`) ON DELETE CASCADE;

--
-- Constraints for table `cong_tac`
--
ALTER TABLE `cong_tac`
  ADD CONSTRAINT `cong_tac_ibfk_1` FOREIGN KEY (`nhanvien_id`) REFERENCES `nhanvien` (`id`) ON DELETE CASCADE ON UPDATE CASCADE;

--
-- Constraints for table `khen_thuong_ky_luat`
--
ALTER TABLE `khen_thuong_ky_luat`
  ADD CONSTRAINT `khen_thuong_ky_luat_ibfk_1` FOREIGN KEY (`nhanvien_id`) REFERENCES `nhanvien` (`id`) ON DELETE CASCADE ON UPDATE CASCADE,
  ADD CONSTRAINT `khen_thuong_ky_luat_ibfk_2` FOREIGN KEY (`loai_kt_id`) REFERENCES `loai_khen_thuong_ky_luat` (`id`) ON DELETE CASCADE ON UPDATE CASCADE;

--
-- Constraints for table `luong`
--
ALTER TABLE `luong`
  ADD CONSTRAINT `luong_ibfk_1` FOREIGN KEY (`nhanvien_id`) REFERENCES `nhanvien` (`id`) ON DELETE CASCADE ON UPDATE CASCADE;

--
-- Constraints for table `nhanvien`
--
ALTER TABLE `nhanvien`
  ADD CONSTRAINT `nhanvien_ibfk_1` FOREIGN KEY (`quoc_tich_id`) REFERENCES `quoc_tich` (`id`) ON DELETE NO ACTION ON UPDATE NO ACTION,
  ADD CONSTRAINT `nhanvien_ibfk_2` FOREIGN KEY (`ton_giao_id`) REFERENCES `ton_giao` (`id`) ON DELETE NO ACTION ON UPDATE NO ACTION,
  ADD CONSTRAINT `nhanvien_ibfk_3` FOREIGN KEY (`dan_toc_id`) REFERENCES `dan_toc` (`id`) ON DELETE NO ACTION ON UPDATE NO ACTION,
  ADD CONSTRAINT `nhanvien_ibfk_4` FOREIGN KEY (`loai_nv_id`) REFERENCES `loai_nv` (`id`) ON DELETE NO ACTION ON UPDATE NO ACTION,
  ADD CONSTRAINT `nhanvien_ibfk_5` FOREIGN KEY (`trinh_do_id`) REFERENCES `trinh_do` (`id`) ON DELETE NO ACTION ON UPDATE NO ACTION,
  ADD CONSTRAINT `nhanvien_ibfk_6` FOREIGN KEY (`chuyen_mon_id`) REFERENCES `chuyen_mon` (`id`) ON DELETE NO ACTION ON UPDATE NO ACTION,
  ADD CONSTRAINT `nhanvien_ibfk_7` FOREIGN KEY (`bang_cap_id`) REFERENCES `bang_cap` (`id`) ON DELETE NO ACTION ON UPDATE NO ACTION,
  ADD CONSTRAINT `nhanvien_ibfk_8` FOREIGN KEY (`phong_ban_id`) REFERENCES `phong_ban` (`id`) ON DELETE NO ACTION ON UPDATE NO ACTION,
  ADD CONSTRAINT `nhanvien_ibfk_9` FOREIGN KEY (`chuc_vu_id`) REFERENCES `chuc_vu` (`id`) ON DELETE NO ACTION ON UPDATE NO ACTION;

--
-- Constraints for table `qr_code_nhanvien`
--
ALTER TABLE `qr_code_nhanvien`
  ADD CONSTRAINT `qr_code_nhanvien_ibfk_1` FOREIGN KEY (`nhanvien_id`) REFERENCES `nhanvien` (`id`) ON DELETE CASCADE;
COMMIT;

/*!40101 SET CHARACTER_SET_CLIENT=@OLD_CHARACTER_SET_CLIENT */;
/*!40101 SET CHARACTER_SET_RESULTS=@OLD_CHARACTER_SET_RESULTS */;
/*!40101 SET COLLATION_CONNECTION=@OLD_COLLATION_CONNECTION */;
